S;4;24;16777216;1;1530826558;1530826632;74,3316;1;73
S;4;24;16777216;1;1530826823;1530826849;26,1774;1;70
S;4;24;16777216;1;1530826849;1530826876;26,3739;1;70
S;4;24;16777216;1;1530826876;1530826903;27,1891;1;70
S;4;24;16777216;1;1530826903;1530826930;27,5132;1;69
S;4;24;16777216;1;1530826930;1530826958;27,8671;1;69
S;4;24;16777216;1;1530826958;1530826986;28,2951;1;69
S;4;24;16777216;1;1530826986;1530827015;28,4523;1;68
S;4;24;16777216;1;1530827015;1530827044;28,6649;1;68
S;4;24;16777216;1;1530827044;1530827072;28,684;1;68
S;4;24;16777216;1;1530827072;1530827101;29,1688;1;67
S;4;24;16777216;1;1530826632;1530826652;19,9075;1;73
S;4;24;16777216;1;1530827102;1530827131;29,2516;1;67
S;4;24;16777216;1;1530827131;1530827160;29,5312;1;67
S;4;24;16777216;1;1530827160;1530827190;29,7322;1;67
S;4;24;16777216;1;1530827190;1530827220;29,7878;1;67
S;4;24;16777216;1;1530827220;1530827258;37,8408;1;67
S;4;24;16777216;1;1530827258;1530827298;40,256;1;67
S;4;24;16777216;1;1530827298;1530827337;39,2087;1;67
S;4;24;16777216;1;1530827337;1530827364;27,2158;1;67
S;4;24;16777216;1;1530827364;1530827394;29,4581;1;67
S;4;24;16777216;1;1530827394;1530827432;37,6503;1;67
S;4;24;16777216;1;1530826652;1530826675;22,536;1;73
S;4;24;16777216;1;1530827432;1530827472;40,2204;1;68
S;4;24;16777216;1;1530826675;1530826698;23,4259;1;73
S;4;24;16777216;1;1530826698;1530826722;24,0489;1;72
S;4;24;16777216;1;1530826722;1530826747;24,4678;1;72
S;4;24;16777216;1;1530826747;1530826772;24,8173;1;71
S;4;24;16777216;1;1530826772;1530826797;25,4511;1;71
S;4;24;16777216;1;1530826797;1530826823;25,7858;1;71
S;4;24;16777216;0;1530829512;1530829515;3,6357;1024;78
S;4;24;16777216;0;1530829545;1530829548;3,6334;1024;78
S;4;24;16777216;0;1530829548;1530829552;3,6249;1024;78
S;4;24;16777216;0;1530829552;1530829556;3,6377;1024;78
S;4;24;16777216;0;1530829556;1530829559;3,6296;1024;78
S;4;24;16777216;0;1530829559;1530829563;3,6575;1024;78
S;4;24;16777216;0;1530829563;1530829567;3,6406;1024;78
S;4;24;16777216;0;1530829567;1530829570;3,6333;1024;78
S;4;24;16777216;0;1530829570;1530829574;3,6285;1024;78
S;4;24;16777216;0;1530829574;1530829578;3,6433;1024;78
S;4;24;16777216;0;1530829578;1530829581;3,6352;1024;78
S;4;24;16777216;0;1530829516;1530829519;3,626;1024;78
S;4;24;16777216;0;1530829581;1530829585;3,6529;1024;78
S;4;24;16777216;0;1530829585;1530829589;3,6286;1024;78
S;4;24;16777216;0;1530829589;1530829592;3,634;1024;78
S;4;24;16777216;0;1530829592;1530829596;3,6339;1024;78
S;4;24;16777216;0;1530829596;1530829600;3,6366;1024;78
S;4;24;16777216;0;1530829600;1530829603;3,6353;1024;78
S;4;24;16777216;0;1530829603;1530829607;3,6338;1024;78
S;4;24;16777216;0;1530829607;1530829611;3,6351;1024;78
S;4;24;16777216;0;1530829611;1530829614;3,6248;1024;78
S;4;24;16777216;0;1530829614;1530829618;3,635;1024;78
S;4;24;16777216;0;1530829519;1530829523;3,6419;1024;78
S;4;24;16777216;0;1530829618;1530829622;3,6438;1024;78
S;4;24;16777216;0;1530829523;1530829526;3,6686;1024;78
S;4;24;16777216;0;1530829527;1530829530;3,6422;1024;78
S;4;24;16777216;0;1530829530;1530829534;3,6402;1024;78
S;4;24;16777216;0;1530829534;1530829537;3,6317;1024;78
S;4;24;16777216;0;1530829537;1530829541;3,6314;1024;78
S;4;24;16777216;0;1530829541;1530829545;3,6412;1024;78
S;4;24;16777216;0;1530830614;1530830618;3,8051;1048576;83
S;4;24;16777216;0;1530830659;1530830667;7,5265;1048576;83
S;4;24;16777216;0;1530830667;1530830672;5,3279;1048576;83
S;4;24;16777216;0;1530830672;1530830680;7,3995;1048576;83
S;4;24;16777216;0;1530830680;1530830687;7,3753;1048576;83
S;4;24;16777216;0;1530830687;1530830695;7,499;1048576;83
S;4;24;16777216;0;1530830695;1530830702;7,2924;1048576;83
S;4;24;16777216;0;1530830702;1530830710;7,554;1048576;83
S;4;24;16777216;0;1530830710;1530830717;7,2056;1048576;83
S;4;24;16777216;0;1530830717;1530830722;5,2781;1048576;83
S;4;24;16777216;0;1530830722;1530830729;7,2584;1048576;83
S;4;24;16777216;0;1530830618;1530830623;4,9389;1048576;83
S;4;24;16777216;0;1530830729;1530830735;5,2258;1048576;83
S;4;24;16777216;0;1530830735;1530830742;7,3535;1048576;83
S;4;24;16777216;0;1530830742;1530830747;5,1116;1048576;83
S;4;24;16777216;0;1530830747;1530830751;3,9378;1048576;83
S;4;24;16777216;0;1530830751;1530830753;2,1542;1048576;83
S;4;24;16777216;0;1530830753;1530830756;2,2564;1048576;83
S;4;24;16777216;0;1530830756;1530830758;2,4925;1048576;83
S;4;24;16777216;0;1530830758;1530830761;2,5134;1048576;83
S;4;24;16777216;0;1530830761;1530830763;2,6162;1048576;83
S;4;24;16777216;0;1530830763;1530830766;2,7194;1048576;83
S;4;24;16777216;0;1530830623;1530830628;5,0071;1048576;83
S;4;24;16777216;0;1530830766;1530830769;2,7276;1048576;83
S;4;24;16777216;0;1530830628;1530830632;3,7674;1048576;83
S;4;24;16777216;0;1530830632;1530830637;5,0798;1048576;83
S;4;24;16777216;0;1530830637;1530830642;5,0446;1048576;83
S;4;24;16777216;0;1530830642;1530830649;7,3085;1048576;83
S;4;24;16777216;0;1530830649;1530830654;5,0952;1048576;83
S;4;24;16777216;0;1530830654;1530830659;5,2797;1048576;83
S;4;24;16777216;0;1530829172;1530829176;3,8677;128;76
S;4;24;16777216;0;1530829207;1530829211;3,8745;128;76
S;4;24;16777216;0;1530829211;1530829215;3,8681;128;76
S;4;24;16777216;0;1530829215;1530829218;3,8648;128;76
S;4;24;16777216;0;1530829218;1530829222;3,8691;128;76
S;4;24;16777216;0;1530829222;1530829226;3,8707;128;76
S;4;24;16777216;0;1530829226;1530829230;3,8647;128;76
S;4;24;16777216;0;1530829230;1530829234;3,858;128;76
S;4;24;16777216;0;1530829234;1530829238;3,8655;128;76
S;4;24;16777216;0;1530829238;1530829242;3,8673;128;76
S;4;24;16777216;0;1530829242;1530829246;3,8908;128;77
S;4;24;16777216;0;1530829176;1530829179;3,8874;128;76
S;4;24;16777216;0;1530829246;1530829249;3,8657;128;77
S;4;24;16777216;0;1530829250;1530829253;3,8726;128;77
S;4;24;16777216;0;1530829253;1530829257;3,8648;128;77
S;4;24;16777216;0;1530829257;1530829261;3,8845;128;77
S;4;24;16777216;0;1530829261;1530829265;3,8753;128;77
S;4;24;16777216;0;1530829265;1530829269;3,8669;128;77
S;4;24;16777216;0;1530829269;1530829273;3,8602;128;77
S;4;24;16777216;0;1530829273;1530829277;3,8689;128;77
S;4;24;16777216;0;1530829277;1530829281;3,8614;128;77
S;4;24;16777216;0;1530829281;1530829285;3,8744;128;77
S;4;24;16777216;0;1530829179;1530829183;3,869;128;76
S;4;24;16777216;0;1530829285;1530829288;3,8644;128;77
S;4;24;16777216;0;1530829183;1530829187;3,8598;128;76
S;4;24;16777216;0;1530829187;1530829191;3,8633;128;76
S;4;24;16777216;0;1530829191;1530829195;3,8707;128;76
S;4;24;16777216;0;1530829195;1530829199;3,8699;128;76
S;4;24;16777216;0;1530829199;1530829203;3,8736;128;76
S;4;24;16777216;0;1530829203;1530829207;3,9006;128;76
S;4;24;16777216;0;1530830276;1530830280;3,6502;131072;81
S;4;24;16777216;0;1530830309;1530830313;3,6405;131072;81
S;4;24;16777216;0;1530830313;1530830316;3,6497;131072;81
S;4;24;16777216;0;1530830316;1530830320;3,6515;131072;81
S;4;24;16777216;0;1530830320;1530830324;3,6422;131072;81
S;4;24;16777216;0;1530830324;1530830327;3,6458;131072;81
S;4;24;16777216;0;1530830327;1530830331;3,6353;131072;81
S;4;24;16777216;0;1530830331;1530830335;3,6413;131072;81
S;4;24;16777216;0;1530830335;1530830338;3,635;131072;81
S;4;24;16777216;0;1530830338;1530830342;3,6671;131072;81
S;4;24;16777216;0;1530830342;1530830346;3,6511;131072;81
S;4;24;16777216;0;1530830280;1530830283;3,6576;131072;81
S;4;24;16777216;0;1530830346;1530830349;3,6567;131072;82
S;4;24;16777216;0;1530830349;1530830353;3,646;131072;82
S;4;24;16777216;0;1530830353;1530830357;3,648;131072;82
S;4;24;16777216;0;1530830357;1530830360;3,6394;131072;82
S;4;24;16777216;0;1530830360;1530830364;3,633;131072;82
S;4;24;16777216;0;1530830364;1530830368;3,6586;131072;82
S;4;24;16777216;0;1530830368;1530830371;3,6414;131072;82
S;4;24;16777216;0;1530830371;1530830375;3,6441;131072;82
S;4;24;16777216;0;1530830375;1530830379;3,6443;131072;82
S;4;24;16777216;0;1530830379;1530830382;3,6737;131072;82
S;4;24;16777216;0;1530830283;1530830287;3,655;131072;81
S;4;24;16777216;0;1530830382;1530830386;3,6474;131072;82
S;4;24;16777216;0;1530830287;1530830291;3,6472;131072;81
S;4;24;16777216;0;1530830291;1530830294;3,6607;131072;81
S;4;24;16777216;0;1530830294;1530830298;3,6401;131072;81
S;4;24;16777216;0;1530830298;1530830302;3,6417;131072;81
S;4;24;16777216;0;1530830302;1530830305;3,6413;131072;81
S;4;24;16777216;0;1530830305;1530830309;3,6387;131072;81
S;4;24;16777216;0;1530828731;1530828736;5,8044;16;74
S;4;24;16777216;0;1530828783;1530828789;5,8138;16;74
S;4;24;16777216;0;1530828789;1530828795;5,8153;16;75
S;4;24;16777216;0;1530828795;1530828801;5,8063;16;75
S;4;24;16777216;0;1530828801;1530828806;5,8118;16;75
S;4;24;16777216;0;1530828806;1530828812;5,8028;16;75
S;4;24;16777216;0;1530828812;1530828818;5,8088;16;75
S;4;24;16777216;0;1530828818;1530828824;5,8066;16;75
S;4;24;16777216;0;1530828824;1530828830;5,8022;16;75
S;4;24;16777216;0;1530828830;1530828836;5,8031;16;75
S;4;24;16777216;0;1530828836;1530828841;5,8096;16;75
S;4;24;16777216;0;1530828736;1530828742;5,8018;16;74
S;4;24;16777216;0;1530828841;1530828847;5,8088;16;75
S;4;24;16777216;0;1530828847;1530828853;5,803;16;75
S;4;24;16777216;0;1530828853;1530828859;5,8042;16;75
S;4;24;16777216;0;1530828859;1530828865;5,8045;16;75
S;4;24;16777216;0;1530828865;1530828870;5,8045;16;75
S;4;24;16777216;0;1530828871;1530828876;5,8081;16;75
S;4;24;16777216;0;1530828876;1530828882;5,8218;16;75
S;4;24;16777216;0;1530828882;1530828888;5,8051;16;75
S;4;24;16777216;0;1530828888;1530828894;5,8045;16;75
S;4;24;16777216;0;1530828894;1530828900;5,8087;16;75
S;4;24;16777216;0;1530828742;1530828748;5,8087;16;74
S;4;24;16777216;0;1530828900;1530828905;5,836;16;75
S;4;24;16777216;0;1530828748;1530828754;5,8063;16;74
S;4;24;16777216;0;1530828754;1530828760;5,7999;16;74
S;4;24;16777216;0;1530828760;1530828766;5,7996;16;74
S;4;24;16777216;0;1530828766;1530828771;5,8014;16;74
S;4;24;16777216;0;1530828771;1530828777;5,8116;16;74
S;4;24;16777216;0;1530828777;1530828783;5,8117;16;74
S;4;24;16777216;0;1530829949;1530829952;3,6103;16384;79
S;4;24;16777216;0;1530829981;1530829985;3,6075;16384;80
S;4;24;16777216;0;1530829985;1530829988;3,6131;16384;80
S;4;24;16777216;0;1530829989;1530829992;3,6013;16384;80
S;4;24;16777216;0;1530829992;1530829996;3,6087;16384;80
S;4;24;16777216;0;1530829996;1530829999;3,6141;16384;80
S;4;24;16777216;0;1530829999;1530830003;3,6034;16384;80
S;4;24;16777216;0;1530830003;1530830007;3,6137;16384;80
S;4;24;16777216;0;1530830007;1530830010;3,6047;16384;80
S;4;24;16777216;0;1530830010;1530830014;3,6009;16384;80
S;4;24;16777216;0;1530830014;1530830018;3,6012;16384;80
S;4;24;16777216;0;1530829952;1530829956;3,6217;16384;80
S;4;24;16777216;0;1530830018;1530830021;3,605;16384;80
S;4;24;16777216;0;1530830021;1530830025;3,6027;16384;80
S;4;24;16777216;0;1530830025;1530830028;3,6027;16384;80
S;4;24;16777216;0;1530830028;1530830032;3,5997;16384;80
S;4;24;16777216;0;1530830032;1530830036;3,6077;16384;80
S;4;24;16777216;0;1530830036;1530830039;3,6088;16384;80
S;4;24;16777216;0;1530830039;1530830043;3,621;16384;80
S;4;24;16777216;0;1530830043;1530830047;3,6203;16384;80
S;4;24;16777216;0;1530830047;1530830050;3,6066;16384;80
S;4;24;16777216;0;1530830050;1530830054;3,6031;16384;80
S;4;24;16777216;0;1530829956;1530829959;3,6022;16384;80
S;4;24;16777216;0;1530830054;1530830057;3,6047;16384;80
S;4;24;16777216;0;1530829959;1530829963;3,6073;16384;80
S;4;24;16777216;0;1530829963;1530829967;3,6016;16384;80
S;4;24;16777216;0;1530829967;1530829970;3,6155;16384;80
S;4;24;16777216;0;1530829970;1530829974;3,6115;16384;80
S;4;24;16777216;0;1530829974;1530829978;3,6023;16384;80
S;4;24;16777216;0;1530829978;1530829981;3,6143;16384;80
S;4;24;16777216;1;1530831142;1530831151;8,7129;16777216;84
S;4;24;16777216;1;1530831235;1530831242;6,8998;16777216;84
S;4;24;16777216;1;1530831242;1530831249;6,7978;16777216;84
S;4;24;16777216;1;1530831249;1530831255;6,6896;16777216;84
S;4;24;16777216;1;1530831255;1530831262;6,838;16777216;84
S;4;24;16777216;1;1530831262;1530831269;7,0678;16777216;84
S;4;24;16777216;1;1530831269;1530831277;7,7505;16777216;84
S;4;24;16777216;1;1530831277;1530831289;11,6045;16777216;84
S;4;24;16777216;1;1530831289;1530831302;13,5166;16777216;84
S;4;24;16777216;1;1530831302;1530831316;14,1013;16777216;84
S;4;24;16777216;1;1530831316;1530831329;12,8138;16777216;84
S;4;24;16777216;1;1530831151;1530831160;8,6993;16777216;84
S;4;24;16777216;1;1530831329;1530831336;6,7959;16777216;84
S;4;24;16777216;1;1530831336;1530831343;6,9796;16777216;84
S;4;24;16777216;1;1530831343;1530831350;6,9761;16777216;85
S;4;24;16777216;1;1530831350;1530831357;6,8719;16777216;85
S;4;24;16777216;1;1530831357;1530831364;7,045;16777216;85
S;4;24;16777216;1;1530831364;1530831371;7,2404;16777216;85
S;4;24;16777216;1;1530831371;1530831381;9,3762;16777216;85
S;4;24;16777216;1;1530831381;1530831392;11,7391;16777216;85
S;4;24;16777216;1;1530831392;1530831400;7,7506;16777216;85
S;4;24;16777216;1;1530831400;1530831408;7,7584;16777216;85
S;4;24;16777216;1;1530831160;1530831169;8,6689;16777216;84
S;4;24;16777216;1;1530831408;1530831416;7,7437;16777216;85
S;4;24;16777216;1;1530831169;1530831177;8,731;16777216;84
S;4;24;16777216;1;1530831177;1530831186;8,3832;16777216;84
S;4;24;16777216;1;1530831186;1530831200;14,1679;16777216;84
S;4;24;16777216;1;1530831200;1530831214;13,5777;16777216;84
S;4;24;16777216;1;1530831214;1530831228;14,4247;16777216;84
S;4;24;16777216;1;1530831228;1530831235;7,02;16777216;84
S;4;24;16777216;0;1530827472;1530827494;21,717;2;68
S;4;24;16777216;0;1530827657;1530827674;17,3336;2;68
S;4;24;16777216;0;1530827674;1530827696;21,7395;2;68
S;4;24;16777216;0;1530827696;1530827718;21,7781;2;69
S;4;24;16777216;0;1530827718;1530827739;21,7424;2;69
S;4;24;16777216;0;1530827739;1530827761;21,7295;2;69
S;4;24;16777216;0;1530827761;1530827783;21,7387;2;69
S;4;24;16777216;0;1530827783;1530827805;21,722;2;69
S;4;24;16777216;0;1530827805;1530827826;21,7874;2;69
S;4;24;16777216;0;1530827826;1530827848;21,7569;2;69
S;4;24;16777216;0;1530827848;1530827870;21,7134;2;69
S;4;24;16777216;0;1530827494;1530827515;21,7014;2;68
S;4;24;16777216;0;1530827870;1530827892;21,7354;2;69
S;4;24;16777216;0;1530827892;1530827913;21,7481;2;70
S;4;24;16777216;0;1530827914;1530827935;21,7087;2;70
S;4;24;16777216;0;1530827935;1530827957;21,7313;2;70
S;4;24;16777216;0;1530827957;1530827979;21,7717;2;70
S;4;24;16777216;0;1530827979;1530828001;21,7434;2;70
S;4;24;16777216;0;1530828001;1530828022;21,7314;2;70
S;4;24;16777216;0;1530828022;1530828044;21,707;2;70
S;4;24;16777216;0;1530828044;1530828066;21,7409;2;70
S;4;24;16777216;0;1530828066;1530828088;21,7252;2;70
S;4;24;16777216;0;1530827515;1530827537;21,7912;2;68
S;4;24;16777216;0;1530828088;1530828109;21,7142;2;70
S;4;24;16777216;0;1530827537;1530827559;21,7589;2;68
S;4;24;16777216;0;1530827559;1530827581;21,7129;2;68
S;4;24;16777216;0;1530827581;1530827602;21,7195;2;68
S;4;24;16777216;0;1530827602;1530827624;21,6999;2;68
S;4;24;16777216;0;1530827624;1530827642;17,6104;2;68
S;4;24;16777216;0;1530827642;1530827657;14,9992;2;68
S;4;24;16777216;0;1530829622;1530829625;3,6252;2048;78
S;4;24;16777216;0;1530829654;1530829658;3,6093;2048;78
S;4;24;16777216;0;1530829658;1530829662;3,619;2048;78
S;4;24;16777216;0;1530829662;1530829665;3,6156;2048;78
S;4;24;16777216;0;1530829665;1530829669;3,6149;2048;78
S;4;24;16777216;0;1530829669;1530829672;3,6186;2048;78
S;4;24;16777216;0;1530829672;1530829676;3,6186;2048;78
S;4;24;16777216;0;1530829676;1530829680;3,6119;2048;78
S;4;24;16777216;0;1530829680;1530829683;3,6305;2048;78
S;4;24;16777216;0;1530829683;1530829687;3,6283;2048;78
S;4;24;16777216;0;1530829687;1530829691;3,6109;2048;78
S;4;24;16777216;0;1530829625;1530829629;3,613;2048;78
S;4;24;16777216;0;1530829691;1530829694;3,6133;2048;78
S;4;24;16777216;0;1530829694;1530829698;3,6186;2048;78
S;4;24;16777216;0;1530829698;1530829702;3,6284;2048;79
S;4;24;16777216;0;1530829702;1530829705;3,6192;2048;79
S;4;24;16777216;0;1530829705;1530829709;3,6127;2048;79
S;4;24;16777216;0;1530829709;1530829713;3,616;2048;79
S;4;24;16777216;0;1530829713;1530829716;3,6113;2048;79
S;4;24;16777216;0;1530829716;1530829720;3,6144;2048;79
S;4;24;16777216;0;1530829720;1530829723;3,6083;2048;79
S;4;24;16777216;0;1530829723;1530829727;3,6163;2048;79
S;4;24;16777216;0;1530829629;1530829632;3,6153;2048;78
S;4;24;16777216;0;1530829727;1530829731;3,6124;2048;79
S;4;24;16777216;0;1530829632;1530829636;3,6145;2048;78
S;4;24;16777216;0;1530829636;1530829640;3,6129;2048;78
S;4;24;16777216;0;1530829640;1530829643;3,6125;2048;78
S;4;24;16777216;0;1530829643;1530829647;3,6207;2048;78
S;4;24;16777216;0;1530829647;1530829651;3,617;2048;78
S;4;24;16777216;0;1530829651;1530829654;3,6198;2048;78
S;4;24;16777216;1;1530830769;1530830771;2,6401;2097152;83
S;4;24;16777216;1;1530830793;1530830797;3,2416;2097152;83
S;4;24;16777216;1;1530830797;1530830800;3,6669;2097152;83
S;4;24;16777216;1;1530830800;1530830804;3,7038;2097152;83
S;4;24;16777216;1;1530830804;1530830808;3,6627;2097152;83
S;4;24;16777216;1;1530830808;1530830811;3,6803;2097152;83
S;4;24;16777216;1;1530830811;1530830815;3,6981;2097152;83
S;4;24;16777216;1;1530830815;1530830819;3,6615;2097152;83
S;4;24;16777216;1;1530830819;1530830823;3,6914;2097152;83
S;4;24;16777216;1;1530830823;1530830826;3,7076;2097152;83
S;4;24;16777216;1;1530830826;1530830830;3,6955;2097152;83
S;4;24;16777216;1;1530830771;1530830774;2,6894;2097152;83
S;4;24;16777216;1;1530830830;1530830834;3,6753;2097152;83
S;4;24;16777216;1;1530830834;1530830837;3,6371;2097152;83
S;4;24;16777216;1;1530830837;1530830841;3,6627;2097152;83
S;4;24;16777216;1;1530830841;1530830845;3,6155;2097152;83
S;4;24;16777216;1;1530830845;1530830848;3,6997;2097152;83
S;4;24;16777216;1;1530830848;1530830852;3,6592;2097152;83
S;4;24;16777216;1;1530830852;1530830856;3,7094;2097152;83
S;4;24;16777216;1;1530830856;1530830860;3,7118;2097152;83
S;4;24;16777216;1;1530830860;1530830863;3,6706;2097152;83
S;4;24;16777216;1;1530830863;1530830867;3,6367;2097152;83
S;4;24;16777216;1;1530830774;1530830777;2,6995;2097152;83
S;4;24;16777216;1;1530830867;1530830871;3,6731;2097152;83
S;4;24;16777216;1;1530830777;1530830780;2,8747;2097152;83
S;4;24;16777216;1;1530830780;1530830782;2,7445;2097152;83
S;4;24;16777216;1;1530830782;1530830785;2,6278;2097152;83
S;4;24;16777216;1;1530830785;1530830788;2,8271;2097152;83
S;4;24;16777216;1;1530830788;1530830791;2,6762;2097152;83
S;4;24;16777216;1;1530830791;1530830793;2,7786;2097152;83
S;4;24;16777216;0;1530829288;1530829292;3,7345;256;77
S;4;24;16777216;0;1530829322;1530829326;3,8169;256;77
S;4;24;16777216;0;1530829326;1530829330;3,7443;256;77
S;4;24;16777216;0;1530829330;1530829334;3,7544;256;77
S;4;24;16777216;0;1530829334;1530829337;3,7355;256;77
S;4;24;16777216;0;1530829337;1530829341;3,7262;256;77
S;4;24;16777216;0;1530829341;1530829345;3,7422;256;77
S;4;24;16777216;0;1530829345;1530829349;3,7287;256;77
S;4;24;16777216;0;1530829349;1530829352;3,7428;256;77
S;4;24;16777216;0;1530829352;1530829356;3,7333;256;77
S;4;24;16777216;0;1530829356;1530829360;3,7299;256;77
S;4;24;16777216;0;1530829292;1530829296;3,733;256;77
S;4;24;16777216;0;1530829360;1530829364;3,7305;256;77
S;4;24;16777216;0;1530829364;1530829367;3,7337;256;77
S;4;24;16777216;0;1530829367;1530829371;3,7292;256;77
S;4;24;16777216;0;1530829371;1530829375;3,7331;256;77
S;4;24;16777216;0;1530829375;1530829379;3,7357;256;77
S;4;24;16777216;0;1530829379;1530829382;3,752;256;77
S;4;24;16777216;0;1530829382;1530829386;3,7357;256;77
S;4;24;16777216;0;1530829386;1530829390;3,7287;256;77
S;4;24;16777216;0;1530829390;1530829394;3,7291;256;77
S;4;24;16777216;0;1530829394;1530829397;3,7367;256;77
S;4;24;16777216;0;1530829296;1530829300;3,7298;256;77
S;4;24;16777216;0;1530829397;1530829401;3,7295;256;77
S;4;24;16777216;0;1530829300;1530829303;3,7274;256;77
S;4;24;16777216;0;1530829303;1530829307;3,7374;256;77
S;4;24;16777216;0;1530829307;1530829311;3,735;256;77
S;4;24;16777216;0;1530829311;1530829315;3,7355;256;77
S;4;24;16777216;0;1530829315;1530829318;3,7381;256;77
S;4;24;16777216;0;1530829318;1530829322;3,7596;256;77
S;4;24;16777216;0;1530830386;1530830390;3,6183;262144;82
S;4;24;16777216;0;1530830419;1530830423;3,6395;262144;82
S;4;24;16777216;0;1530830423;1530830426;3,6076;262144;82
S;4;24;16777216;0;1530830426;1530830430;3,6247;262144;82
S;4;24;16777216;0;1530830430;1530830433;3,6256;262144;82
S;4;24;16777216;0;1530830433;1530830437;3,6109;262144;82
S;4;24;16777216;0;1530830437;1530830441;3,6262;262144;82
S;4;24;16777216;0;1530830441;1530830444;3,6157;262144;82
S;4;24;16777216;0;1530830444;1530830448;3,6144;262144;82
S;4;24;16777216;0;1530830448;1530830452;3,6254;262144;82
S;4;24;16777216;0;1530830452;1530830455;3,6028;262144;82
S;4;24;16777216;0;1530830390;1530830393;3,628;262144;82
S;4;24;16777216;0;1530830455;1530830459;3,6147;262144;82
S;4;24;16777216;0;1530830459;1530830463;3,6367;262144;82
S;4;24;16777216;0;1530830463;1530830466;3,6374;262144;82
S;4;24;16777216;0;1530830466;1530830470;3,6168;262144;82
S;4;24;16777216;0;1530830470;1530830473;3,611;262144;82
S;4;24;16777216;0;1530830474;1530830477;3,6067;262144;82
S;4;24;16777216;0;1530830477;1530830481;3,6142;262144;82
S;4;24;16777216;0;1530830481;1530830484;3,6393;262144;82
S;4;24;16777216;0;1530830484;1530830488;3,619;262144;82
S;4;24;16777216;0;1530830488;1530830492;3,6353;262144;82
S;4;24;16777216;0;1530830393;1530830397;3,6435;262144;82
S;4;24;16777216;0;1530830492;1530830495;3,6109;262144;82
S;4;24;16777216;0;1530830397;1530830401;3,6233;262144;82
S;4;24;16777216;0;1530830401;1530830404;3,6206;262144;82
S;4;24;16777216;0;1530830404;1530830408;3,6166;262144;82
S;4;24;16777216;0;1530830408;1530830412;3,6176;262144;82
S;4;24;16777216;0;1530830412;1530830415;3,6222;262144;82
S;4;24;16777216;0;1530830415;1530830419;3,631;262144;82
S;4;24;16777216;0;1530828906;1530828910;4,6883;32;75
S;4;24;16777216;0;1530828948;1530828953;4,6917;32;75
S;4;24;16777216;0;1530828953;1530828957;4,6892;32;75
S;4;24;16777216;0;1530828957;1530828962;4,7062;32;75
S;4;24;16777216;0;1530828962;1530828967;4,7096;32;75
S;4;24;16777216;0;1530828967;1530828971;4,6895;32;75
S;4;24;16777216;0;1530828971;1530828976;4,684;32;75
S;4;24;16777216;0;1530828976;1530828981;4,6861;32;75
S;4;24;16777216;0;1530828981;1530828986;4,691;32;75
S;4;24;16777216;0;1530828986;1530828990;4,695;32;75
S;4;24;16777216;0;1530828990;1530828995;4,694;32;75
S;4;24;16777216;0;1530828910;1530828915;4,6988;32;75
S;4;24;16777216;0;1530828995;1530829000;4,6866;32;75
S;4;24;16777216;0;1530829000;1530829004;4,6814;32;75
S;4;24;16777216;0;1530829004;1530829009;4,6887;32;75
S;4;24;16777216;0;1530829009;1530829014;4,6824;32;75
S;4;24;16777216;0;1530829014;1530829019;4,6987;32;76
S;4;24;16777216;0;1530829019;1530829023;4,6883;32;76
S;4;24;16777216;0;1530829023;1530829028;4,6922;32;76
S;4;24;16777216;0;1530829028;1530829033;4,682;32;76
S;4;24;16777216;0;1530829033;1530829037;4,6879;32;76
S;4;24;16777216;0;1530829037;1530829042;4,6852;32;76
S;4;24;16777216;0;1530828915;1530828920;4,6858;32;75
S;4;24;16777216;0;1530829042;1530829047;4,6977;32;76
S;4;24;16777216;0;1530828920;1530828924;4,6904;32;75
S;4;24;16777216;0;1530828924;1530828929;4,6879;32;75
S;4;24;16777216;0;1530828929;1530828934;4,6866;32;75
S;4;24;16777216;0;1530828934;1530828938;4,6909;32;75
S;4;24;16777216;0;1530828938;1530828943;4,6867;32;75
S;4;24;16777216;0;1530828943;1530828948;4,689;32;75
S;4;24;16777216;0;1530830057;1530830061;3,6095;32768;80
S;4;24;16777216;0;1530830090;1530830094;3,6033;32768;80
S;4;24;16777216;0;1530830094;1530830097;3,6226;32768;80
S;4;24;16777216;0;1530830097;1530830101;3,6235;32768;80
S;4;24;16777216;0;1530830101;1530830105;3,6729;32768;80
S;4;24;16777216;0;1530830105;1530830108;3,6135;32768;80
S;4;24;16777216;0;1530830108;1530830112;3,6063;32768;80
S;4;24;16777216;0;1530830112;1530830116;3,6037;32768;80
S;4;24;16777216;0;1530830116;1530830119;3,6126;32768;80
S;4;24;16777216;0;1530830119;1530830123;3,6021;32768;80
S;4;24;16777216;0;1530830123;1530830126;3,6099;32768;80
S;4;24;16777216;0;1530830061;1530830065;3,605;32768;80
S;4;24;16777216;0;1530830127;1530830130;3,6073;32768;80
S;4;24;16777216;0;1530830130;1530830134;3,6163;32768;80
S;4;24;16777216;0;1530830134;1530830137;3,6093;32768;80
S;4;24;16777216;0;1530830137;1530830141;3,608;32768;80
S;4;24;16777216;0;1530830141;1530830145;3,6052;32768;80
S;4;24;16777216;0;1530830145;1530830148;3,6085;32768;80
S;4;24;16777216;0;1530830148;1530830152;3,6027;32768;80
S;4;24;16777216;0;1530830152;1530830156;3,611;32768;80
S;4;24;16777216;0;1530830156;1530830159;3,6006;32768;80
S;4;24;16777216;0;1530830159;1530830163;3,628;32768;80
S;4;24;16777216;0;1530830065;1530830068;3,6102;32768;80
S;4;24;16777216;0;1530830163;1530830166;3,6381;32768;80
S;4;24;16777216;0;1530830068;1530830072;3,6082;32768;80
S;4;24;16777216;0;1530830072;1530830076;3,6031;32768;80
S;4;24;16777216;0;1530830076;1530830079;3,6286;32768;80
S;4;24;16777216;0;1530830079;1530830083;3,6122;32768;80
S;4;24;16777216;0;1530830083;1530830086;3,6198;32768;80
S;4;24;16777216;0;1530830086;1530830090;3,613;32768;80
S;4;24;16777216;0;1530828109;1530828122;12,6329;4;71
S;4;24;16777216;0;1530828223;1530828236;12,5992;4;71
S;4;24;16777216;0;1530828236;1530828248;12,6276;4;71
S;4;24;16777216;0;1530828248;1530828261;12,6609;4;71
S;4;24;16777216;0;1530828261;1530828274;12,6079;4;71
S;4;24;16777216;0;1530828274;1530828286;12,6483;4;72
S;4;24;16777216;0;1530828286;1530828299;12,6045;4;72
S;4;24;16777216;0;1530828299;1530828312;12,7113;4;72
S;4;24;16777216;0;1530828312;1530828324;12,5961;4;72
S;4;24;16777216;0;1530828324;1530828337;12,6061;4;72
S;4;24;16777216;0;1530828337;1530828349;12,5927;4;72
S;4;24;16777216;0;1530828122;1530828135;12,6078;4;71
S;4;24;16777216;0;1530828349;1530828362;12,6169;4;72
S;4;24;16777216;0;1530828362;1530828375;12,6085;4;72
S;4;24;16777216;0;1530828375;1530828387;12,6079;4;72
S;4;24;16777216;0;1530828387;1530828400;12,6057;4;72
S;4;24;16777216;0;1530828400;1530828413;12,603;4;72
S;4;24;16777216;0;1530828413;1530828425;12,6792;4;72
S;4;24;16777216;0;1530828425;1530828438;12,6602;4;72
S;4;24;16777216;0;1530828438;1530828451;12,6259;4;72
S;4;24;16777216;0;1530828451;1530828463;12,6016;4;72
S;4;24;16777216;0;1530828463;1530828476;12,5972;4;72
S;4;24;16777216;0;1530828135;1530828147;12,6125;4;71
S;4;24;16777216;0;1530828476;1530828488;12,6239;4;73
S;4;24;16777216;0;1530828147;1530828160;12,5957;4;71
S;4;24;16777216;0;1530828160;1530828172;12,6096;4;71
S;4;24;16777216;0;1530828172;1530828185;12,6397;4;71
S;4;24;16777216;0;1530828185;1530828198;12,5999;4;71
S;4;24;16777216;0;1530828198;1530828210;12,6046;4;71
S;4;24;16777216;0;1530828210;1530828223;12,6164;4;71
S;4;24;16777216;0;1530829731;1530829734;3,6084;4096;79
S;4;24;16777216;0;1530829763;1530829767;3,6121;4096;79
S;4;24;16777216;0;1530829767;1530829771;3,6076;4096;79
S;4;24;16777216;0;1530829771;1530829774;3,6068;4096;79
S;4;24;16777216;0;1530829774;1530829778;3,6098;4096;79
S;4;24;16777216;0;1530829778;1530829782;3,6199;4096;79
S;4;24;16777216;0;1530829782;1530829785;3,6063;4096;79
S;4;24;16777216;0;1530829785;1530829789;3,6027;4096;79
S;4;24;16777216;0;1530829789;1530829792;3,6064;4096;79
S;4;24;16777216;0;1530829792;1530829796;3,6085;4096;79
S;4;24;16777216;0;1530829796;1530829800;3,6129;4096;79
S;4;24;16777216;0;1530829734;1530829738;3,6059;4096;79
S;4;24;16777216;0;1530829800;1530829803;3,6281;4096;79
S;4;24;16777216;0;1530829803;1530829807;3,6173;4096;79
S;4;24;16777216;0;1530829807;1530829811;3,6113;4096;79
S;4;24;16777216;0;1530829811;1530829814;3,6064;4096;79
S;4;24;16777216;0;1530829814;1530829818;3,6055;4096;79
S;4;24;16777216;0;1530829818;1530829821;3,6065;4096;79
S;4;24;16777216;0;1530829821;1530829825;3,6141;4096;79
S;4;24;16777216;0;1530829825;1530829829;3,6128;4096;79
S;4;24;16777216;0;1530829829;1530829832;3,6157;4096;79
S;4;24;16777216;0;1530829832;1530829836;3,6075;4096;79
S;4;24;16777216;0;1530829738;1530829742;3,6437;4096;79
S;4;24;16777216;0;1530829836;1530829840;3,6102;4096;79
S;4;24;16777216;0;1530829742;1530829745;3,6107;4096;79
S;4;24;16777216;0;1530829745;1530829749;3,6089;4096;79
S;4;24;16777216;0;1530829749;1530829752;3,6079;4096;79
S;4;24;16777216;0;1530829752;1530829756;3,6071;4096;79
S;4;24;16777216;0;1530829756;1530829760;3,6103;4096;79
S;4;24;16777216;0;1530829760;1530829763;3,6123;4096;79
S;4;24;16777216;1;1530830871;1530830874;3,6508;4194304;83
S;4;24;16777216;1;1530830904;1530830908;3,7242;4194304;83
S;4;24;16777216;1;1530830908;1530830911;3,6434;4194304;83
S;4;24;16777216;1;1530830911;1530830915;3,7013;4194304;83
S;4;24;16777216;1;1530830915;1530830919;3,6229;4194304;83
S;4;24;16777216;1;1530830919;1530830922;3,6973;4194304;83
S;4;24;16777216;1;1530830922;1530830926;3,6204;4194304;83
S;4;24;16777216;1;1530830926;1530830930;3,6979;4194304;83
S;4;24;16777216;1;1530830930;1530830934;3,6858;4194304;83
S;4;24;16777216;1;1530830934;1530830937;3,6473;4194304;83
S;4;24;16777216;1;1530830937;1530830941;3,61;4194304;83
S;4;24;16777216;1;1530830874;1530830878;3,639;4194304;83
S;4;24;16777216;1;1530830941;1530830945;3,7001;4194304;83
S;4;24;16777216;1;1530830945;1530830948;3,6877;4194304;83
S;4;24;16777216;1;1530830948;1530830952;3,7017;4194304;83
S;4;24;16777216;1;1530830952;1530830956;3,6428;4194304;83
S;4;24;16777216;1;1530830956;1530830959;3,6308;4194304;83
S;4;24;16777216;1;1530830959;1530830963;3,6083;4194304;83
S;4;24;16777216;1;1530830963;1530830967;3,6896;4194304;83
S;4;24;16777216;1;1530830967;1530830970;3,6963;4194304;83
S;4;24;16777216;1;1530830970;1530830974;3,633;4194304;83
S;4;24;16777216;1;1530830974;1530830978;3,6511;4194304;83
S;4;24;16777216;1;1530830878;1530830882;3,724;4194304;83
S;4;24;16777216;1;1530830978;1530830981;3,676;4194304;83
S;4;24;16777216;1;1530830882;1530830885;3,6919;4194304;83
S;4;24;16777216;1;1530830885;1530830889;3,7004;4194304;83
S;4;24;16777216;1;1530830889;1530830893;3,6791;4194304;83
S;4;24;16777216;1;1530830893;1530830897;3,6983;4194304;83
S;4;24;16777216;1;1530830897;1530830900;3,7256;4194304;83
S;4;24;16777216;1;1530830900;1530830904;3,6944;4194304;83
S;4;24;16777216;0;1530829401;1530829405;3,6717;512;77
S;4;24;16777216;0;1530829434;1530829438;3,6645;512;77
S;4;24;16777216;0;1530829438;1530829442;3,6968;512;77
S;4;24;16777216;0;1530829442;1530829445;3,6756;512;77
S;4;24;16777216;0;1530829445;1530829449;3,6698;512;77
S;4;24;16777216;0;1530829449;1530829453;3,6627;512;77
S;4;24;16777216;0;1530829453;1530829456;3,6631;512;77
S;4;24;16777216;0;1530829457;1530829460;3,6623;512;77
S;4;24;16777216;0;1530829460;1530829464;3,6812;512;77
S;4;24;16777216;0;1530829464;1530829468;3,6694;512;77
S;4;24;16777216;0;1530829468;1530829471;3,6582;512;77
S;4;24;16777216;0;1530829405;1530829409;3,6637;512;77
S;4;24;16777216;0;1530829471;1530829475;3,6626;512;77
S;4;24;16777216;0;1530829475;1530829479;3,6842;512;77
S;4;24;16777216;0;1530829479;1530829482;3,6744;512;78
S;4;24;16777216;0;1530829482;1530829486;3,6656;512;78
S;4;24;16777216;0;1530829486;1530829490;3,6686;512;78
S;4;24;16777216;0;1530829490;1530829493;3,6666;512;78
S;4;24;16777216;0;1530829493;1530829497;3,6643;512;78
S;4;24;16777216;0;1530829497;1530829501;3,6776;512;78
S;4;24;16777216;0;1530829501;1530829504;3,6587;512;78
S;4;24;16777216;0;1530829504;1530829508;3,673;512;78
S;4;24;16777216;0;1530829409;1530829412;3,6594;512;77
S;4;24;16777216;0;1530829508;1530829512;3,6597;512;78
S;4;24;16777216;0;1530829412;1530829416;3,6673;512;77
S;4;24;16777216;0;1530829416;1530829420;3,6661;512;77
S;4;24;16777216;0;1530829420;1530829423;3,6676;512;77
S;4;24;16777216;0;1530829423;1530829427;3,6582;512;77
S;4;24;16777216;0;1530829427;1530829431;3,6646;512;77
S;4;24;16777216;0;1530829431;1530829434;3,6693;512;77
S;4;24;16777216;0;1530830495;1530830499;3,6904;524288;82
S;4;24;16777216;0;1530830534;1530830538;3,7223;524288;82
S;4;24;16777216;0;1530830538;1530830542;3,6833;524288;82
S;4;24;16777216;0;1530830542;1530830545;3,7588;524288;82
S;4;24;16777216;0;1530830545;1530830549;3,7579;524288;82
S;4;24;16777216;0;1530830549;1530830554;4,9074;524288;82
S;4;24;16777216;0;1530830554;1530830558;3,7282;524288;82
S;4;24;16777216;0;1530830558;1530830562;3,7554;524288;82
S;4;24;16777216;0;1530830562;1530830565;3,7931;524288;82
S;4;24;16777216;0;1530830565;1530830569;3,7297;524288;82
S;4;24;16777216;0;1530830569;1530830573;3,7232;524288;82
S;4;24;16777216;0;1530830499;1530830503;3,6874;524288;82
S;4;24;16777216;0;1530830573;1530830577;3,7308;524288;82
S;4;24;16777216;0;1530830577;1530830580;3,7427;524288;82
S;4;24;16777216;0;1530830580;1530830584;3,7247;524288;82
S;4;24;16777216;0;1530830584;1530830588;3,6714;524288;82
S;4;24;16777216;0;1530830588;1530830591;3,6541;524288;82
S;4;24;16777216;0;1530830592;1530830595;3,6465;524288;82
S;4;24;16777216;0;1530830595;1530830599;3,711;524288;82
S;4;24;16777216;0;1530830599;1530830603;3,7345;524288;82
S;4;24;16777216;0;1530830603;1530830606;3,7195;524288;83
S;4;24;16777216;0;1530830606;1530830610;3,743;524288;83
S;4;24;16777216;0;1530830503;1530830506;3,7044;524288;82
S;4;24;16777216;0;1530830610;1530830614;3,7428;524288;83
S;4;24;16777216;0;1530830507;1530830510;3,7314;524288;82
S;4;24;16777216;0;1530830510;1530830515;5,1803;524288;82
S;4;24;16777216;0;1530830515;1530830523;7,4536;524288;82
S;4;24;16777216;0;1530830523;1530830527;3,6985;524288;82
S;4;24;16777216;0;1530830527;1530830530;3,7137;524288;82
S;4;24;16777216;0;1530830530;1530830534;3,7228;524288;82
S;4;24;16777216;0;1530829047;1530829051;4,1418;64;76
S;4;24;16777216;0;1530829084;1530829088;4,1665;64;76
S;4;24;16777216;0;1530829088;1530829093;4,1414;64;76
S;4;24;16777216;0;1530829093;1530829097;4,1379;64;76
S;4;24;16777216;0;1530829097;1530829101;4,1314;64;76
S;4;24;16777216;0;1530829101;1530829105;4,1477;64;76
S;4;24;16777216;0;1530829105;1530829109;4,1335;64;76
S;4;24;16777216;0;1530829109;1530829113;4,1432;64;76
S;4;24;16777216;0;1530829113;1530829118;4,1353;64;76
S;4;24;16777216;0;1530829118;1530829122;4,1313;64;76
S;4;24;16777216;0;1530829122;1530829126;4,1456;64;76
S;4;24;16777216;0;1530829051;1530829055;4,1373;64;76
S;4;24;16777216;0;1530829126;1530829130;4,1369;64;76
S;4;24;16777216;0;1530829130;1530829134;4,1399;64;76
S;4;24;16777216;0;1530829134;1530829138;4,1377;64;76
S;4;24;16777216;0;1530829138;1530829143;4,1449;64;76
S;4;24;16777216;0;1530829143;1530829147;4,1477;64;76
S;4;24;16777216;0;1530829147;1530829151;4,1396;64;76
S;4;24;16777216;0;1530829151;1530829155;4,1386;64;76
S;4;24;16777216;0;1530829155;1530829159;4,1375;64;76
S;4;24;16777216;0;1530829159;1530829163;4,1559;64;76
S;4;24;16777216;0;1530829163;1530829168;4,1414;64;76
S;4;24;16777216;0;1530829055;1530829059;4,1431;64;76
S;4;24;16777216;0;1530829168;1530829172;4,1359;64;76
S;4;24;16777216;0;1530829059;1530829063;4,1384;64;76
S;4;24;16777216;0;1530829063;1530829068;4,1404;64;76
S;4;24;16777216;0;1530829068;1530829072;4,1344;64;76
S;4;24;16777216;0;1530829072;1530829076;4,1328;64;76
S;4;24;16777216;0;1530829076;1530829080;4,156;64;76
S;4;24;16777216;0;1530829080;1530829084;4,1424;64;76
S;4;24;16777216;0;1530830166;1530830170;3,6184;65536;80
S;4;24;16777216;0;1530830199;1530830203;3,6184;65536;81
S;4;24;16777216;0;1530830203;1530830207;3,6335;65536;81
S;4;24;16777216;0;1530830207;1530830210;3,6219;65536;81
S;4;24;16777216;0;1530830210;1530830214;3,6222;65536;81
S;4;24;16777216;0;1530830214;1530830217;3,6198;65536;81
S;4;24;16777216;0;1530830217;1530830221;3,6511;65536;81
S;4;24;16777216;0;1530830221;1530830225;3,6415;65536;81
S;4;24;16777216;0;1530830225;1530830229;3,6999;65536;81
S;4;24;16777216;0;1530830229;1530830232;3,7133;65536;81
S;4;24;16777216;0;1530830232;1530830236;3,6385;65536;81
S;4;24;16777216;0;1530830170;1530830174;3,617;65536;80
S;4;24;16777216;0;1530830236;1530830240;3,6247;65536;81
S;4;24;16777216;0;1530830240;1530830243;3,6189;65536;81
S;4;24;16777216;0;1530830243;1530830247;3,6385;65536;81
S;4;24;16777216;0;1530830247;1530830251;3,6238;65536;81
S;4;24;16777216;0;1530830251;1530830254;3,6276;65536;81
S;4;24;16777216;0;1530830254;1530830258;3,6165;65536;81
S;4;24;16777216;0;1530830258;1530830261;3,6222;65536;81
S;4;24;16777216;0;1530830261;1530830265;3,6302;65536;81
S;4;24;16777216;0;1530830265;1530830269;3,6186;65536;81
S;4;24;16777216;0;1530830269;1530830272;3,6277;65536;81
S;4;24;16777216;0;1530830174;1530830177;3,6211;65536;80
S;4;24;16777216;0;1530830272;1530830276;3,6242;65536;81
S;4;24;16777216;0;1530830177;1530830181;3,6151;65536;80
S;4;24;16777216;0;1530830181;1530830185;3,6268;65536;80
S;4;24;16777216;0;1530830185;1530830188;3,6316;65536;80
S;4;24;16777216;0;1530830188;1530830192;3,6337;65536;81
S;4;24;16777216;0;1530830192;1530830196;3,6233;65536;81
S;4;24;16777216;0;1530830196;1530830199;3,6295;65536;81
S;4;24;16777216;0;1530828488;1530828497;8,049;8;73
S;4;24;16777216;0;1530828561;1530828569;8,0573;8;73
S;4;24;16777216;0;1530828569;1530828577;8,0631;8;73
S;4;24;16777216;0;1530828577;1530828585;8,0531;8;73
S;4;24;16777216;0;1530828585;1530828593;8,038;8;73
S;4;24;16777216;0;1530828593;1530828601;8,055;8;73
S;4;24;16777216;0;1530828601;1530828610;8,071;8;74
S;4;24;16777216;0;1530828610;1530828618;8,0533;8;74
S;4;24;16777216;0;1530828618;1530828626;8,0696;8;74
S;4;24;16777216;0;1530828626;1530828634;8,0379;8;74
S;4;24;16777216;0;1530828634;1530828642;8,0401;8;74
S;4;24;16777216;0;1530828497;1530828505;8,0477;8;73
S;4;24;16777216;0;1530828642;1530828650;8,0405;8;74
S;4;24;16777216;0;1530828650;1530828658;8,0478;8;74
S;4;24;16777216;0;1530828658;1530828666;8,0658;8;74
S;4;24;16777216;0;1530828666;1530828674;8,0383;8;74
S;4;24;16777216;0;1530828674;1530828682;8,0459;8;74
S;4;24;16777216;0;1530828682;1530828690;8,0641;8;74
S;4;24;16777216;0;1530828690;1530828698;8,0374;8;74
S;4;24;16777216;0;1530828698;1530828706;8,0502;8;74
S;4;24;16777216;0;1530828706;1530828714;8,0353;8;74
S;4;24;16777216;0;1530828714;1530828723;8,1067;8;74
S;4;24;16777216;0;1530828505;1530828513;8,0367;8;73
S;4;24;16777216;0;1530828723;1530828731;8,0719;8;74
S;4;24;16777216;0;1530828513;1530828521;8,0424;8;73
S;4;24;16777216;0;1530828521;1530828529;8,0399;8;73
S;4;24;16777216;0;1530828529;1530828537;8,0366;8;73
S;4;24;16777216;0;1530828537;1530828545;8,0564;8;73
S;4;24;16777216;0;1530828545;1530828553;8,0563;8;73
S;4;24;16777216;0;1530828553;1530828561;8,037;8;73
S;4;24;16777216;0;1530829840;1530829843;3,6089;8192;79
S;4;24;16777216;0;1530829872;1530829876;3,61;8192;79
S;4;24;16777216;0;1530829876;1530829880;3,6179;8192;79
S;4;24;16777216;0;1530829880;1530829883;3,6102;8192;79
S;4;24;16777216;0;1530829883;1530829887;3,6165;8192;79
S;4;24;16777216;0;1530829887;1530829890;3,6024;8192;79
S;4;24;16777216;0;1530829891;1530829894;3,6082;8192;79
S;4;24;16777216;0;1530829894;1530829898;3,6089;8192;79
S;4;24;16777216;0;1530829898;1530829901;3,6005;8192;79
S;4;24;16777216;0;1530829901;1530829905;3,6087;8192;79
S;4;24;16777216;0;1530829905;1530829909;3,6053;8192;79
S;4;24;16777216;0;1530829843;1530829847;3,6132;8192;79
S;4;24;16777216;0;1530829909;1530829912;3,6011;8192;79
S;4;24;16777216;0;1530829912;1530829916;3,6154;8192;79
S;4;24;16777216;0;1530829916;1530829920;3,6035;8192;79
S;4;24;16777216;0;1530829920;1530829923;3,6194;8192;79
S;4;24;16777216;0;1530829923;1530829927;3,6149;8192;79
S;4;24;16777216;0;1530829927;1530829930;3,6115;8192;79
S;4;24;16777216;0;1530829930;1530829934;3,6075;8192;79
S;4;24;16777216;0;1530829934;1530829938;3,6046;8192;79
S;4;24;16777216;0;1530829938;1530829941;3,6076;8192;79
S;4;24;16777216;0;1530829941;1530829945;3,6034;8192;79
S;4;24;16777216;0;1530829847;1530829851;3,6004;8192;79
S;4;24;16777216;0;1530829945;1530829949;3,6089;8192;79
S;4;24;16777216;0;1530829851;1530829854;3,6061;8192;79
S;4;24;16777216;0;1530829854;1530829858;3,6191;8192;79
S;4;24;16777216;0;1530829858;1530829861;3,6455;8192;79
S;4;24;16777216;0;1530829861;1530829865;3,6131;8192;79
S;4;24;16777216;0;1530829865;1530829869;3,6144;8192;79
S;4;24;16777216;0;1530829869;1530829872;3,6109;8192;79
S;4;24;16777216;1;1530830981;1530830989;7,3788;8388608;83
S;4;24;16777216;1;1530831038;1530831042;3,6782;8388608;84
S;4;24;16777216;1;1530831042;1530831045;3,921;8388608;84
S;4;24;16777216;1;1530831045;1530831051;5,5641;8388608;84
S;4;24;16777216;1;1530831051;1530831067;15,9746;8388608;84
S;4;24;16777216;1;1530831067;1530831075;7,5981;8388608;84
S;4;24;16777216;1;1530831075;1530831079;4,3951;8388608;84
S;4;24;16777216;1;1530831079;1530831084;5,1668;8388608;84
S;4;24;16777216;1;1530831084;1530831089;4,3496;8388608;84
S;4;24;16777216;1;1530831089;1530831093;3,9673;8388608;84
S;4;24;16777216;1;1530831093;1530831097;3,9225;8388608;84
S;4;24;16777216;1;1530830989;1530830996;7,5581;8388608;84
S;4;24;16777216;1;1530831097;1530831100;3,9058;8388608;84
S;4;24;16777216;1;1530831100;1530831104;4,0117;8388608;84
S;4;24;16777216;1;1530831104;1530831109;4,1061;8388608;84
S;4;24;16777216;1;1530831109;1530831113;3,9879;8388608;84
S;4;24;16777216;1;1530831113;1530831117;3,9776;8388608;84
S;4;24;16777216;1;1530831117;1530831121;4,0326;8388608;84
S;4;24;16777216;1;1530831121;1530831125;3,9623;8388608;84
S;4;24;16777216;1;1530831125;1530831129;4,1462;8388608;84
S;4;24;16777216;1;1530831129;1530831133;4,5382;8388608;84
S;4;24;16777216;1;1530831133;1530831138;4,5094;8388608;84
S;4;24;16777216;1;1530830996;1530831004;7,6027;8388608;84
S;4;24;16777216;1;1530831138;1530831142;4,5976;8388608;84
S;4;24;16777216;1;1530831004;1530831011;7,4722;8388608;84
S;4;24;16777216;1;1530831011;1530831019;7,3778;8388608;84
S;4;24;16777216;1;1530831019;1530831026;7,5764;8388608;84
S;4;24;16777216;1;1530831026;1530831031;4,217;8388608;84
S;4;24;16777216;1;1530831031;1530831034;3,471;8388608;84
S;4;24;16777216;1;1530831034;1530831038;3,6411;8388608;84