S;4;24;16777216;1;1530816463,8475;1530816540,7377;76,8902;1;80
S;4;24;16777216;1;1530816844,2670;1530816886,0868;41,8198;1;80
S;4;24;16777216;1;1530816886,1073;1530816927,8797;41,7724;1;80
S;4;24;16777216;1;1530816927,9001;1530816969,7322;41,8321;1;80
S;4;24;16777216;1;1530816969,7523;1530817011,5718;41,8195;1;80
S;4;24;16777216;1;1530817011,5918;1530817053,4371;41,8453;1;80
S;4;24;16777216;1;1530817053,4572;1530817095,3292;41,8720;1;79
S;4;24;16777216;1;1530817095,3502;1530817137,2396;41,8894;1;79
S;4;24;16777216;1;1530817137,2595;1530817179,1831;41,9236;1;79
S;4;24;16777216;1;1530817179,2031;1530817221,0453;41,8422;1;79
S;4;24;16777216;1;1530817221,0657;1530817262,9269;41,8613;1;79
S;4;24;16777216;1;1530816540,7552;1530816567,6974;26,9422;1;80
S;4;24;16777216;1;1530817262,9467;1530817304,7224;41,7757;1;79
S;4;24;16777216;1;1530817304,7425;1530817346,5753;41,8328;1;79
S;4;24;16777216;1;1530817346,5952;1530817388,4622;41,8670;1;79
S;4;24;16777216;1;1530817388,4821;1530817430,5460;42,0640;1;79
S;4;24;16777216;1;1530817430,5670;1530817472,4263;41,8593;1;79
S;4;24;16777216;1;1530817472,4461;1530817514,2376;41,7915;1;79
S;4;24;16777216;1;1530817514,2583;1530817556,1594;41,9011;1;79
S;4;24;16777216;1;1530817556,1803;1530817598,0188;41,8385;1;79
S;4;24;16777216;1;1530817598,0399;1530817639,9204;41,8805;1;79
S;4;24;16777216;1;1530817639,9466;1530817681,7364;41,7898;1;79
S;4;24;16777216;1;1530816567,7091;1530816597,4359;29,7268;1;80
S;4;24;16777216;1;1530817681,7567;1530817723,6751;41,9183;1;79
S;4;24;16777216;1;1530816597,4521;1530816634,9632;37,5111;1;80
S;4;24;16777216;1;1530816634,9830;1530816676,8176;41,8346;1;80
S;4;24;16777216;1;1530816676,8384;1530816718,6662;41,8278;1;80
S;4;24;16777216;1;1530816718,6863;1530816760,5288;41,8425;1;80
S;4;24;16777216;1;1530816760,5486;1530816802,3984;41,8498;1;80
S;4;24;16777216;1;1530816802,4197;1530816844,2470;41,8273;1;80
S;4;24;16777216;1;1530819842,7262;1530819846,4031;3,6769;1024;75
S;4;24;16777216;1;1530819875,9055;1530819879,5702;3,6647;1024;75
S;4;24;16777216;1;1530819879,5902;1530819883,2598;3,6696;1024;75
S;4;24;16777216;1;1530819883,2812;1530819886,9510;3,6698;1024;75
S;4;24;16777216;1;1530819886,9713;1530819890,6296;3,6583;1024;75
S;4;24;16777216;1;1530819890,6500;1530819894,3066;3,6566;1024;75
S;4;24;16777216;1;1530819894,3267;1530819897,9867;3,6600;1024;75
S;4;24;16777216;1;1530819898,0070;1530819901,7344;3,7274;1024;75
S;4;24;16777216;1;1530819901,7578;1530819905,4468;3,6890;1024;75
S;4;24;16777216;1;1530819905,4671;1530819909,1156;3,6485;1024;75
S;4;24;16777216;1;1530819909,1366;1530819912,8092;3,6726;1024;75
S;4;24;16777216;1;1530819846,4234;1530819850,0981;3,6747;1024;75
S;4;24;16777216;1;1530819912,8294;1530819916,4971;3,6677;1024;75
S;4;24;16777216;1;1530819916,5176;1530819920,2380;3,7204;1024;75
S;4;24;16777216;1;1530819920,2581;1530819923,9131;3,6550;1024;75
S;4;24;16777216;1;1530819923,9334;1530819927,6235;3,6901;1024;75
S;4;24;16777216;1;1530819927,6436;1530819931,3293;3,6857;1024;75
S;4;24;16777216;1;1530819931,3495;1530819935,0109;3,6614;1024;75
S;4;24;16777216;1;1530819935,0310;1530819938,6966;3,6656;1024;75
S;4;24;16777216;1;1530819938,7179;1530819942,4414;3,7235;1024;75
S;4;24;16777216;1;1530819942,4618;1530819946,1771;3,7153;1024;75
S;4;24;16777216;1;1530819946,1970;1530819949,8581;3,6611;1024;75
S;4;24;16777216;1;1530819850,1184;1530819853,7791;3,6606;1024;75
S;4;24;16777216;1;1530819949,8792;1530819953,5493;3,6701;1024;75
S;4;24;16777216;1;1530819853,7989;1530819857,4702;3,6713;1024;75
S;4;24;16777216;1;1530819857,4906;1530819861,1307;3,6401;1024;75
S;4;24;16777216;1;1530819861,1507;1530819864,8541;3,7034;1024;75
S;4;24;16777216;1;1530819864,8745;1530819868,5213;3,6468;1024;75
S;4;24;16777216;1;1530819868,5415;1530819872,2164;3,6750;1024;75
S;4;24;16777216;1;1530819872,2363;1530819875,8850;3,6487;1024;75
S;4;24;16777216;1;1530820950,2819;1530820954,0792;3,7973;1048576;74
S;4;24;16777216;1;1530820984,2737;1530820988,0143;3,7405;1048576;74
S;4;24;16777216;1;1530820988,0353;1530820991,8121;3,7767;1048576;74
S;4;24;16777216;1;1530820991,8323;1530820995,5082;3,6760;1048576;74
S;4;24;16777216;1;1530820995,5293;1530820999,3228;3,7935;1048576;74
S;4;24;16777216;1;1530820999,3434;1530821003,0053;3,6619;1048576;74
S;4;24;16777216;1;1530821003,0254;1530821006,6892;3,6638;1048576;74
S;4;24;16777216;1;1530821006,7095;1530821010,4530;3,7435;1048576;74
S;4;24;16777216;1;1530821010,4733;1530821014,1274;3,6541;1048576;74
S;4;24;16777216;1;1530821014,1478;1530821017,8615;3,7137;1048576;74
S;4;24;16777216;1;1530821017,8817;1530821021,6488;3,7671;1048576;74
S;4;24;16777216;1;1530820954,0996;1530820957,8874;3,7878;1048576;74
S;4;24;16777216;1;1530821021,6706;1530821025,4316;3,7609;1048576;74
S;4;24;16777216;1;1530821025,4520;1530821029,2098;3,7578;1048576;74
S;4;24;16777216;1;1530821029,2303;1530821032,9676;3,7373;1048576;74
S;4;24;16777216;1;1530821032,9888;1530821036,6709;3,6821;1048576;74
S;4;24;16777216;1;1530821036,6915;1530821040,4132;3,7217;1048576;74
S;4;24;16777216;1;1530821040,4394;1530821044,1959;3,7565;1048576;74
S;4;24;16777216;1;1530821044,2161;1530821047,9349;3,7189;1048576;74
S;4;24;16777216;1;1530821047,9556;1530821051,7751;3,8196;1048576;74
S;4;24;16777216;1;1530821051,7955;1530821055,4665;3,6710;1048576;74
S;4;24;16777216;1;1530821055,4886;1530821059,2277;3,7392;1048576;74
S;4;24;16777216;1;1530820957,9077;1530820961,6739;3,7661;1048576;74
S;4;24;16777216;1;1530821059,2482;1530821062,9309;3,6826;1048576;74
S;4;24;16777216;0;1530820961,6942;1530820965,4906;3,7964;1048576;74
S;4;24;16777216;1;1530820965,5110;1530820969,2272;3,7162;1048576;74
S;4;24;16777216;1;1530820969,2479;1530820973,0341;3,7862;1048576;74
S;4;24;16777216;1;1530820973,0546;1530820976,7528;3,6982;1048576;74
S;4;24;16777216;1;1530820976,7730;1530820980,5011;3,7281;1048576;74
S;4;24;16777216;1;1530820980,5254;1530820984,2534;3,7280;1048576;74
S;4;24;16777216;1;1530819498,1731;1530819502,0968;3,9238;128;76
S;4;24;16777216;1;1530819533,6706;1530819537,6190;3,9485;128;76
S;4;24;16777216;1;1530819537,6389;1530819541,5605;3,9216;128;76
S;4;24;16777216;1;1530819541,5814;1530819545,4967;3,9153;128;76
S;4;24;16777216;1;1530819545,5163;1530819549,4339;3,9175;128;76
S;4;24;16777216;1;1530819549,4539;1530819553,3959;3,9420;128;76
S;4;24;16777216;1;1530819553,4157;1530819557,3434;3,9277;128;76
S;4;24;16777216;1;1530819557,3634;1530819561,2709;3,9075;128;76
S;4;24;16777216;1;1530819561,2925;1530819565,2158;3,9233;128;76
S;4;24;16777216;1;1530819565,2363;1530819569,1367;3,9004;128;76
S;4;24;16777216;1;1530819569,1568;1530819573,1227;3,9660;128;76
S;4;24;16777216;1;1530819502,1167;1530819506,0239;3,9072;128;76
S;4;24;16777216;1;1530819573,1428;1530819577,0507;3,9079;128;76
S;4;24;16777216;1;1530819577,0707;1530819581,0313;3,9606;128;76
S;4;24;16777216;1;1530819581,0520;1530819585,0008;3,9489;128;76
S;4;24;16777216;1;1530819585,0211;1530819588,9338;3,9128;128;76
S;4;24;16777216;1;1530819588,9541;1530819592,8837;3,9296;128;76
S;4;24;16777216;1;1530819592,9037;1530819596,8164;3,9127;128;76
S;4;24;16777216;1;1530819596,8372;1530819600,7777;3,9405;128;76
S;4;24;16777216;1;1530819600,7984;1530819604,7085;3,9102;128;76
S;4;24;16777216;1;1530819604,7286;1530819608,6565;3,9279;128;76
S;4;24;16777216;1;1530819608,6766;1530819612,6005;3,9239;128;76
S;4;24;16777216;1;1530819506,0516;1530819509,9856;3,9340;128;76
S;4;24;16777216;1;1530819612,6225;1530819616,5239;3,9014;128;76
S;4;24;16777216;1;1530819510,0065;1530819513,9245;3,9180;128;76
S;4;24;16777216;1;1530819513,9445;1530819517,8772;3,9327;128;76
S;4;24;16777216;1;1530819517,8983;1530819521,8365;3,9382;128;76
S;4;24;16777216;1;1530819521,8568;1530819525,7707;3,9138;128;76
S;4;24;16777216;1;1530819525,7906;1530819529,7274;3,9368;128;76
S;4;24;16777216;1;1530819529,7480;1530819533,6506;3,9025;128;76
S;4;24;16777216;1;1530820614,2768;1530820617,9307;3,6539;131072;74
S;4;24;16777216;1;1530820647,5820;1530820651,2464;3,6644;131072;74
S;4;24;16777216;1;1530820651,2675;1530820655,0137;3,7462;131072;74
S;4;24;16777216;1;1530820655,0423;1530820658,7076;3,6653;131072;74
S;4;24;16777216;1;1530820658,7280;1530820662,4007;3,6727;131072;74
S;4;24;16777216;1;1530820662,4210;1530820666,1001;3,6791;131072;74
S;4;24;16777216;1;1530820666,1211;1530820669,8049;3,6838;131072;74
S;4;24;16777216;1;1530820669,8255;1530820673,5217;3,6962;131072;74
S;4;24;16777216;1;1530820673,5429;1530820677,2143;3,6714;131072;74
S;4;24;16777216;1;1530820677,2345;1530820680,9245;3,6900;131072;74
S;4;24;16777216;1;1530820680,9453;1530820684,6167;3,6714;131072;74
S;4;24;16777216;1;1530820617,9509;1530820621,6723;3,7214;131072;74
S;4;24;16777216;1;1530820684,6371;1530820688,3039;3,6668;131072;74
S;4;24;16777216;1;1530820688,3241;1530820691,9913;3,6672;131072;74
S;4;24;16777216;1;1530820692,0123;1530820695,6850;3,6726;131072;74
S;4;24;16777216;1;1530820695,7054;1530820699,3761;3,6707;131072;74
S;4;24;16777216;1;1530820699,3962;1530820703,0765;3,6804;131072;74
S;4;24;16777216;1;1530820703,0968;1530820706,7607;3,6639;131072;74
S;4;24;16777216;1;1530820706,7833;1530820710,4686;3,6853;131072;74
S;4;24;16777216;1;1530820710,4887;1530820714,1422;3,6535;131072;74
S;4;24;16777216;1;1530820714,1625;1530820717,8422;3,6797;131072;74
S;4;24;16777216;1;1530820717,8624;1530820721,5437;3,6813;131072;74
S;4;24;16777216;1;1530820621,6923;1530820625,3586;3,6663;131072;74
S;4;24;16777216;1;1530820721,5650;1530820725,2361;3,6711;131072;74
S;4;24;16777216;1;1530820625,3791;1530820629,0557;3,6766;131072;74
S;4;24;16777216;1;1530820629,0766;1530820632,7518;3,6753;131072;74
S;4;24;16777216;1;1530820632,7717;1530820636,4451;3,6734;131072;74
S;4;24;16777216;1;1530820636,4655;1530820640,1436;3,6781;131072;74
S;4;24;16777216;1;1530820640,1646;1530820643,8471;3,6825;131072;74
S;4;24;16777216;1;1530820643,8679;1530820647,5618;3,6939;131072;74
S;4;24;16777216;1;1530819047,3579;1530819053,3360;5,9780;16;77
S;4;24;16777216;1;1530819101,1953;1530819107,1326;5,9373;16;77
S;4;24;16777216;1;1530819107,1569;1530819113,1325;5,9756;16;77
S;4;24;16777216;1;1530819113,1528;1530819119,0962;5,9434;16;77
S;4;24;16777216;1;1530819119,1164;1530819125,0791;5,9626;16;77
S;4;24;16777216;1;1530819125,1005;1530819131,0487;5,9482;16;77
S;4;24;16777216;1;1530819131,0690;1530819137,0742;6,0051;16;77
S;4;24;16777216;1;1530819137,0946;1530819143,0341;5,9395;16;77
S;4;24;16777216;1;1530819143,0544;1530819148,9937;5,9393;16;77
S;4;24;16777216;1;1530819149,0137;1530819154,9874;5,9736;16;77
S;4;24;16777216;1;1530819155,0076;1530819160,9631;5,9555;16;77
S;4;24;16777216;1;1530819053,3562;1530819059,3166;5,9603;16;77
S;4;24;16777216;1;1530819160,9832;1530819166,9662;5,9830;16;77
S;4;24;16777216;1;1530819166,9871;1530819172,9404;5,9534;16;77
S;4;24;16777216;1;1530819172,9608;1530819178,9207;5,9599;16;77
S;4;24;16777216;1;1530819178,9414;1530819184,8843;5,9430;16;77
S;4;24;16777216;1;1530819184,9086;1530819190,9222;6,0136;16;77
S;4;24;16777216;1;1530819190,9426;1530819196,8895;5,9469;16;77
S;4;24;16777216;1;1530819196,9097;1530819202,8677;5,9581;16;77
S;4;24;16777216;1;1530819202,8878;1530819208,8945;6,0067;16;77
S;4;24;16777216;1;1530819208,9143;1530819214,9058;5,9915;16;77
S;4;24;16777216;1;1530819214,9266;1530819220,8716;5,9450;16;77
S;4;24;16777216;1;1530819059,3367;1530819065,2915;5,9548;16;77
S;4;24;16777216;1;1530819220,8944;1530819226,8482;5,9538;16;77
S;4;24;16777216;1;1530819065,3121;1530819071,2515;5,9394;16;77
S;4;24;16777216;1;1530819071,2714;1530819077,2660;5,9946;16;77
S;4;24;16777216;1;1530819077,2860;1530819083,2449;5,9588;16;77
S;4;24;16777216;1;1530819083,2655;1530819089,2241;5,9585;16;77
S;4;24;16777216;1;1530819089,2445;1530819095,1750;5,9304;16;77
S;4;24;16777216;1;1530819095,1953;1530819101,1749;5,9796;16;77
S;4;24;16777216;1;1530820284,1194;1530820287,7425;3,6231;16384;75
S;4;24;16777216;1;1530820317,0650;1530820320,7070;3,6420;16384;75
S;4;24;16777216;1;1530820320,7280;1530820324,3753;3,6473;16384;75
S;4;24;16777216;1;1530820324,4022;1530820328,0411;3,6390;16384;75
S;4;24;16777216;1;1530820328,0618;1530820331,6974;3,6356;16384;75
S;4;24;16777216;1;1530820331,7179;1530820335,3730;3,6552;16384;75
S;4;24;16777216;1;1530820335,3939;1530820339,0329;3,6390;16384;75
S;4;24;16777216;1;1530820339,0534;1530820342,6813;3,6279;16384;75
S;4;24;16777216;1;1530820342,7022;1530820346,3485;3,6464;16384;75
S;4;24;16777216;1;1530820346,3692;1530820350,0210;3,6518;16384;75
S;4;24;16777216;1;1530820350,0415;1530820353,6799;3,6384;16384;75
S;4;24;16777216;1;1530820287,7631;1530820291,4386;3,6755;16384;75
S;4;24;16777216;1;1530820353,7006;1530820357,4035;3,7028;16384;75
S;4;24;16777216;1;1530820357,4240;1530820361,0729;3,6489;16384;75
S;4;24;16777216;1;1530820361,0932;1530820364,7211;3,6279;16384;75
S;4;24;16777216;1;1530820364,7422;1530820368,3650;3,6228;16384;75
S;4;24;16777216;1;1530820368,3861;1530820372,0467;3,6606;16384;75
S;4;24;16777216;1;1530820372,0674;1530820375,6895;3,6221;16384;75
S;4;24;16777216;1;1530820375,7103;1530820379,3477;3,6375;16384;75
S;4;24;16777216;1;1530820379,3677;1530820383,0269;3,6592;16384;75
S;4;24;16777216;1;1530820383,0477;1530820386,7007;3,6529;16384;75
S;4;24;16777216;1;1530820386,7218;1530820390,3338;3,6121;16384;75
S;4;24;16777216;1;1530820291,4593;1530820295,0908;3,6314;16384;75
S;4;24;16777216;1;1530820390,3559;1530820394,0409;3,6850;16384;75
S;4;24;16777216;1;1530820295,1119;1530820298,7362;3,6243;16384;75
S;4;24;16777216;1;1530820298,7571;1530820302,4017;3,6446;16384;75
S;4;24;16777216;1;1530820302,4226;1530820306,0515;3,6289;16384;75
S;4;24;16777216;1;1530820306,0723;1530820309,7364;3,6642;16384;75
S;4;24;16777216;1;1530820309,7573;1530820313,3934;3,6361;16384;75
S;4;24;16777216;1;1530820313,4138;1530820317,0447;3,6309;16384;75
S;4;24;16777216;1;1530821476,4878;1530821485,2339;8,7461;16777216;73
S;4;24;16777216;1;1530821579,6134;1530821593,0337;13,4202;16777216;74
S;4;24;16777216;1;1530821593,0485;1530821601,0262;7,9776;16777216;74
S;4;24;16777216;1;1530821601,0409;1530821607,8537;6,8129;16777216;74
S;4;24;16777216;1;1530821607,8726;1530821614,9026;7,0300;16777216;74
S;4;24;16777216;1;1530821614,9172;1530821621,8577;6,9406;16777216;74
S;4;24;16777216;1;1530821621,8704;1530821635,6035;13,7331;16777216;74
S;4;24;16777216;1;1530821635,6194;1530821644,0877;8,4683;16777216;74
S;4;24;16777216;1;1530821644,1033;1530821652,0627;7,9595;16777216;74
S;4;24;16777216;1;1530821652,0792;1530821662,0797;10,0006;16777216;74
S;4;24;16777216;1;1530821662,0956;1530821670,1412;8,0455;16777216;74
S;4;24;16777216;1;1530821485,2504;1530821498,3280;13,0776;16777216;74
S;4;24;16777216;1;1530821670,1592;1530821678,1093;7,9501;16777216;74
S;4;24;16777216;1;1530821678,1219;1530821687,2001;9,0783;16777216;74
S;4;24;16777216;1;1530821687,2125;1530821698,6638;11,4513;16777216;74
S;4;24;16777216;1;1530821698,6872;1530821706,6838;7,9965;16777216;74
S;4;24;16777216;1;1530821706,6961;1530821720,3777;13,6817;16777216;74
S;4;24;16777216;1;1530821720,3915;1530821732,5325;12,1411;16777216;74
S;4;24;16777216;1;1530821732,5487;1530821746,2857;13,7371;16777216;74
S;4;24;16777216;1;1530821746,3041;1530821754,5131;8,2091;16777216;74
S;4;24;16777216;1;1530821754,5286;1530821767,8577;13,3292;16777216;74
S;4;24;16777216;1;1530821767,8780;1530821776,8150;8,9370;16777216;74
S;4;24;16777216;1;1530821498,3451;1530821507,8988;9,5537;16777216;74
S;4;24;16777216;1;1530821776,8308;1530821783,8354;7,0046;16777216;74
S;4;24;16777216;1;1530821507,9168;1530821520,7558;12,8390;16777216;74
S;4;24;16777216;1;1530821520,7693;1530821528,7398;7,9705;16777216;74
S;4;24;16777216;1;1530821528,7534;1530821541,1944;12,4410;16777216;74
S;4;24;16777216;1;1530821541,2096;1530821553,9710;12,7614;16777216;74
S;4;24;16777216;1;1530821553,9844;1530821566,4512;12,4667;16777216;74
S;4;24;16777216;1;1530821566,4649;1530821579,5877;13,1228;16777216;74
S;4;24;16777216;1;1530817723,6957;1530817746,3516;22,6560;2;79
S;4;24;16777216;1;1530817927,7169;1530817950,3428;22,6259;2;78
S;4;24;16777216;1;1530817950,3631;1530817972,9895;22,6264;2;78
S;4;24;16777216;1;1530817973,0099;1530817995,6381;22,6282;2;78
S;4;24;16777216;1;1530817995,6596;1530818018,2997;22,6401;2;78
S;4;24;16777216;1;1530818018,3197;1530818040,9299;22,6102;2;78
S;4;24;16777216;1;1530818040,9526;1530818063,5637;22,6111;2;78
S;4;24;16777216;1;1530818063,5837;1530818086,1935;22,6098;2;78
S;4;24;16777216;1;1530818086,2140;1530818108,8151;22,6010;2;78
S;4;24;16777216;1;1530818108,8392;1530818131,4723;22,6331;2;78
S;4;24;16777216;1;1530818131,4920;1530818154,1040;22,6120;2;78
S;4;24;16777216;1;1530817746,3717;1530817768,9960;22,6243;2;79
S;4;24;16777216;1;1530818154,1239;1530818176,7855;22,6616;2;78
S;4;24;16777216;1;1530818176,8052;1530818199,4139;22,6087;2;78
S;4;24;16777216;1;1530818199,4386;1530818222,1044;22,6657;2;78
S;4;24;16777216;1;1530818222,1243;1530818244,7493;22,6250;2;78
S;4;24;16777216;1;1530818244,7692;1530818267,3858;22,6166;2;78
S;4;24;16777216;1;1530818267,4059;1530818290,0424;22,6365;2;78
S;4;24;16777216;1;1530818290,0624;1530818312,7338;22,6714;2;78
S;4;24;16777216;1;1530818312,7536;1530818335,3568;22,6032;2;78
S;4;24;16777216;1;1530818335,3767;1530818358,0851;22,7084;2;78
S;4;24;16777216;1;1530818358,1062;1530818380,7713;22,6651;2;78
S;4;24;16777216;1;1530817769,0162;1530817791,6496;22,6335;2;79
S;4;24;16777216;1;1530818380,7953;1530818403,4726;22,6773;2;78
S;4;24;16777216;1;1530817791,6708;1530817814,3402;22,6694;2;79
S;4;24;16777216;1;1530817814,3615;1530817837,0300;22,6685;2;79
S;4;24;16777216;1;1530817837,0509;1530817859,6400;22,5891;2;79
S;4;24;16777216;1;1530817859,6614;1530817882,3103;22,6490;2;78
S;4;24;16777216;1;1530817882,3313;1530817905,0684;22,7371;2;78
S;4;24;16777216;1;1530817905,0893;1530817927,6960;22,6066;2;78
S;4;24;16777216;1;1530819953,5696;1530819957,2060;3,6364;2048;75
S;4;24;16777216;1;1530819986,6423;1530819990,2968;3,6545;2048;75
S;4;24;16777216;1;1530819990,3174;1530819993,9760;3,6586;2048;75
S;4;24;16777216;1;1530819993,9978;1530819997,6394;3,6416;2048;75
S;4;24;16777216;1;1530819997,6598;1530820001,3240;3,6642;2048;75
S;4;24;16777216;1;1530820001,3445;1530820004,9933;3,6487;2048;75
S;4;24;16777216;1;1530820005,0137;1530820008,6577;3,6440;2048;75
S;4;24;16777216;1;1530820008,6779;1530820012,3202;3,6423;2048;75
S;4;24;16777216;1;1530820012,3403;1530820016,0168;3,6765;2048;75
S;4;24;16777216;1;1530820016,0369;1530820019,6619;3,6250;2048;75
S;4;24;16777216;1;1530820019,6819;1530820023,3423;3,6604;2048;75
S;4;24;16777216;1;1530819957,2266;1530819960,8953;3,6687;2048;75
S;4;24;16777216;1;1530820023,3624;1530820027,0222;3,6598;2048;75
S;4;24;16777216;1;1530820027,0433;1530820030,6828;3,6396;2048;75
S;4;24;16777216;1;1530820030,7049;1530820034,3813;3,6764;2048;75
S;4;24;16777216;1;1530820034,4016;1530820038,0520;3,6504;2048;75
S;4;24;16777216;1;1530820038,0725;1530820041,7260;3,6534;2048;75
S;4;24;16777216;1;1530820041,7467;1530820045,3746;3,6278;2048;75
S;4;24;16777216;1;1530820045,3951;1530820049,0616;3,6665;2048;75
S;4;24;16777216;1;1530820049,0820;1530820052,7156;3,6336;2048;75
S;4;24;16777216;1;1530820052,7362;1530820056,4014;3,6652;2048;75
S;4;24;16777216;1;1530820056,4213;1530820060,0587;3,6374;2048;75
S;4;24;16777216;1;1530819960,9158;1530819964,5506;3,6349;2048;75
S;4;24;16777216;1;1530820060,0794;1530820063,7810;3,7016;2048;75
S;4;24;16777216;1;1530819964,5709;1530819968,2360;3,6650;2048;75
S;4;24;16777216;1;1530819968,2563;1530819971,8959;3,6396;2048;75
S;4;24;16777216;1;1530819971,9168;1530819975,5979;3,6811;2048;75
S;4;24;16777216;1;1530819975,6185;1530819979,2842;3,6657;2048;75
S;4;24;16777216;1;1530819979,3058;1530819982,9463;3,6405;2048;75
S;4;24;16777216;1;1530819982,9663;1530819986,6221;3,6559;2048;75
S;4;24;16777216;1;1530821062,9517;1530821066,7198;3,7681;2097152;74
S;4;24;16777216;1;1530821096,6040;1530821100,3115;3,7075;2097152;74
S;4;24;16777216;1;1530821100,3331;1530821104,0686;3,7355;2097152;74
S;4;24;16777216;1;1530821104,0911;1530821107,8249;3,7338;2097152;74
S;4;24;16777216;1;1530821107,8458;1530821111,5256;3,6797;2097152;74
S;4;24;16777216;1;1530821111,5464;1530821115,2606;3,7142;2097152;74
S;4;24;16777216;1;1530821115,2807;1530821119,0696;3,7889;2097152;74
S;4;24;16777216;1;1530821119,0901;1530821122,8620;3,7719;2097152;74
S;4;24;16777216;1;1530821122,8824;1530821126,6526;3,7701;2097152;74
S;4;24;16777216;1;1530821126,6732;1530821130,3877;3,7145;2097152;74
S;4;24;16777216;1;1530821130,4079;1530821134,1495;3,7416;2097152;74
S;4;24;16777216;1;1530821066,7409;1530821070,3888;3,6479;2097152;74
S;4;24;16777216;1;1530821134,1717;1530821137,8986;3,7269;2097152;74
S;4;24;16777216;1;1530821137,9198;1530821141,7728;3,8530;2097152;74
S;4;24;16777216;1;1530821141,7935;1530821145,5438;3,7503;2097152;74
S;4;24;16777216;1;1530821145,5654;1530821149,2613;3,6959;2097152;74
S;4;24;16777216;1;1530821149,2817;1530821153,0295;3,7478;2097152;74
S;4;24;16777216;1;1530821153,0505;1530821156,7955;3,7450;2097152;74
S;4;24;16777216;1;1530821156,8160;1530821160,5483;3,7322;2097152;74
S;4;24;16777216;1;1530821160,5699;1530821164,2988;3,7289;2097152;74
S;4;24;16777216;1;1530821164,3200;1530821168,0858;3,7657;2097152;74
S;4;24;16777216;1;1530821168,1083;1530821171,8425;3,7342;2097152;74
S;4;24;16777216;1;1530821070,4096;1530821074,1196;3,7100;2097152;74
S;4;24;16777216;1;1530821171,8641;1530821175,5832;3,7191;2097152;74
S;4;24;16777216;1;1530821074,1467;1530821077,9143;3,7676;2097152;74
S;4;24;16777216;1;1530821077,9356;1530821081,6815;3,7459;2097152;74
S;4;24;16777216;1;1530821081,7020;1530821085,4291;3,7271;2097152;74
S;4;24;16777216;1;1530821085,4505;1530821089,1396;3,6891;2097152;74
S;4;24;16777216;1;1530821089,1600;1530821092,8925;3,7326;2097152;74
S;4;24;16777216;1;1530821092,9139;1530821096,5830;3,6691;2097152;74
S;4;24;16777216;1;1530819616,5438;1530819620,3601;3,8163;256;76
S;4;24;16777216;1;1530819650,8007;1530819654,5822;3,7816;256;76
S;4;24;16777216;1;1530819654,6025;1530819658,3752;3,7727;256;76
S;4;24;16777216;1;1530819658,3950;1530819662,1938;3,7988;256;76
S;4;24;16777216;1;1530819662,2196;1530819666,0129;3,7933;256;76
S;4;24;16777216;1;1530819666,0332;1530819669,8128;3,7796;256;76
S;4;24;16777216;1;1530819669,8328;1530819673,6144;3,7816;256;76
S;4;24;16777216;1;1530819673,6347;1530819677,4216;3,7869;256;76
S;4;24;16777216;1;1530819677,4422;1530819681,2226;3,7804;256;76
S;4;24;16777216;1;1530819681,2429;1530819685,0135;3,7707;256;76
S;4;24;16777216;1;1530819685,0361;1530819688,8184;3,7823;256;76
S;4;24;16777216;1;1530819620,3804;1530819624,1537;3,7733;256;76
S;4;24;16777216;1;1530819688,8382;1530819692,6603;3,8221;256;76
S;4;24;16777216;1;1530819692,6807;1530819696,4491;3,7684;256;76
S;4;24;16777216;1;1530819696,4706;1530819700,2754;3,8048;256;76
S;4;24;16777216;1;1530819700,2959;1530819704,0702;3,7743;256;76
S;4;24;16777216;1;1530819704,0900;1530819707,8696;3,7796;256;76
S;4;24;16777216;1;1530819707,8904;1530819711,6617;3,7713;256;76
S;4;24;16777216;1;1530819711,6817;1530819715,4623;3,7805;256;76
S;4;24;16777216;1;1530819715,4823;1530819719,2620;3,7798;256;76
S;4;24;16777216;1;1530819719,2842;1530819723,0639;3,7797;256;76
S;4;24;16777216;1;1530819723,0848;1530819726,8742;3,7894;256;76
S;4;24;16777216;1;1530819624,1736;1530819627,9489;3,7753;256;76
S;4;24;16777216;1;1530819726,8941;1530819730,6651;3,7710;256;76
S;4;24;16777216;1;1530819627,9688;1530819631,7522;3,7834;256;76
S;4;24;16777216;1;1530819631,7725;1530819635,5603;3,7878;256;76
S;4;24;16777216;1;1530819635,5804;1530819639,3747;3,7943;256;76
S;4;24;16777216;1;1530819639,3948;1530819643,1724;3,7776;256;76
S;4;24;16777216;1;1530819643,1929;1530819646,9661;3,7732;256;76
S;4;24;16777216;1;1530819646,9864;1530819650,7805;3,7942;256;76
S;4;24;16777216;1;1530820725,2565;1530820729,0371;3,7805;262144;74
S;4;24;16777216;1;1530820759,2012;1530820762,8754;3,6741;262144;74
S;4;24;16777216;1;1530820762,8967;1530820766,5953;3,6986;262144;74
S;4;24;16777216;1;1530820766,6160;1530820770,4020;3,7861;262144;74
S;4;24;16777216;1;1530820770,4229;1530820774,1408;3,7180;262144;74
S;4;24;16777216;1;1530820774,1616;1530820777,8997;3,7381;262144;74
S;4;24;16777216;1;1530820777,9198;1530820781,6717;3,7519;262144;74
S;4;24;16777216;1;1530820781,6926;1530820785,4220;3,7294;262144;74
S;4;24;16777216;1;1530820785,4423;1530820789,1542;3,7119;262144;74
S;4;24;16777216;1;1530820789,1746;1530820792,8896;3,7150;262144;74
S;4;24;16777216;1;1530820792,9097;1530820796,6296;3,7199;262144;74
S;4;24;16777216;1;1530820729,0571;1530820732,7530;3,6959;262144;74
S;4;24;16777216;1;1530820796,6496;1530820800,3903;3,7406;262144;74
S;4;24;16777216;1;1530820800,4105;1530820804,1644;3,7539;262144;74
S;4;24;16777216;1;1530820804,1844;1530820807,9582;3,7738;262144;74
S;4;24;16777216;1;1530820807,9781;1530820811,6975;3,7194;262144;74
S;4;24;16777216;1;1530820811,7179;1530820815,4295;3,7116;262144;74
S;4;24;16777216;1;1530820815,4535;1530820819,2284;3,7750;262144;74
S;4;24;16777216;1;1530820819,2487;1530820822,9858;3,7371;262144;74
S;4;24;16777216;1;1530820823,0065;1530820826,7745;3,7681;262144;74
S;4;24;16777216;1;1530820826,7945;1530820830,5120;3,7175;262144;74
S;4;24;16777216;1;1530820830,5323;1530820834,2568;3,7246;262144;74
S;4;24;16777216;1;1530820732,7735;1530820736,4660;3,6924;262144;74
S;4;24;16777216;1;1530820834,2771;1530820838,0211;3,7440;262144;74
S;4;24;16777216;1;1530820736,4867;1530820740,2434;3,7567;262144;74
S;4;24;16777216;1;1530820740,2663;1530820744,0523;3,7860;262144;74
S;4;24;16777216;1;1530820744,0730;1530820747,8860;3,8131;262144;74
S;4;24;16777216;1;1530820747,9063;1530820751,7006;3,7942;262144;74
S;4;24;16777216;1;1530820751,7210;1530820755,4543;3,7334;262144;74
S;4;24;16777216;1;1530820755,4753;1530820759,1812;3,7059;262144;74
S;4;24;16777216;1;1530819226,8683;1530819231,6535;4,7852;32;77
S;4;24;16777216;1;1530819270,1601;1530819274,9382;4,7780;32;77
S;4;24;16777216;1;1530819274,9587;1530819279,7524;4,7936;32;76
S;4;24;16777216;1;1530819279,7732;1530819284,6297;4,8565;32;76
S;4;24;16777216;1;1530819284,6502;1530819289,4682;4,8180;32;76
S;4;24;16777216;1;1530819289,4890;1530819294,2748;4,7858;32;76
S;4;24;16777216;1;1530819294,2948;1530819299,0997;4,8049;32;76
S;4;24;16777216;1;1530819299,1206;1530819303,8776;4,7570;32;76
S;4;24;16777216;1;1530819303,8987;1530819308,6601;4,7614;32;76
S;4;24;16777216;1;1530819308,6808;1530819313,4382;4,7573;32;76
S;4;24;16777216;1;1530819313,4595;1530819318,2524;4,7928;32;76
S;4;24;16777216;1;1530819231,6739;1530819236,4524;4,7785;32;77
S;4;24;16777216;1;1530819318,2733;1530819323,0461;4,7727;32;76
S;4;24;16777216;1;1530819323,0664;1530819327,9043;4,8379;32;76
S;4;24;16777216;1;1530819327,9247;1530819332,7015;4,7769;32;76
S;4;24;16777216;1;1530819332,7217;1530819337,5076;4,7859;32;76
S;4;24;16777216;1;1530819337,5279;1530819342,3149;4,7870;32;76
S;4;24;16777216;1;1530819342,3347;1530819347,0962;4,7615;32;76
S;4;24;16777216;1;1530819347,1168;1530819351,9021;4,7853;32;76
S;4;24;16777216;1;1530819351,9223;1530819356,7076;4,7854;32;76
S;4;24;16777216;1;1530819356,7285;1530819361,5250;4,7965;32;76
S;4;24;16777216;1;1530819361,5467;1530819366,3390;4,7924;32;76
S;4;24;16777216;1;1530819236,4733;1530819241,2633;4,7900;32;77
S;4;24;16777216;1;1530819366,3607;1530819371,1152;4,7544;32;76
S;4;24;16777216;1;1530819241,2852;1530819246,0834;4,7982;32;77
S;4;24;16777216;1;1530819246,1035;1530819250,9028;4,7994;32;77
S;4;24;16777216;1;1530819250,9233;1530819255,7219;4,7987;32;77
S;4;24;16777216;1;1530819255,7421;1530819260,5422;4,8002;32;77
S;4;24;16777216;1;1530819260,5624;1530819265,3439;4,7815;32;77
S;4;24;16777216;1;1530819265,3643;1530819270,1400;4,7757;32;77
S;4;24;16777216;1;1530820394,0616;1530820397,6955;3,6339;32768;75
S;4;24;16777216;1;1530820427,1172;1530820430,7330;3,6158;32768;75
S;4;24;16777216;1;1530820430,7595;1530820434,4035;3,6440;32768;75
S;4;24;16777216;1;1530820434,4235;1530820438,0534;3,6299;32768;75
S;4;24;16777216;1;1530820438,0735;1530820441,7151;3,6417;32768;75
S;4;24;16777216;1;1530820441,7363;1530820445,3800;3,6437;32768;75
S;4;24;16777216;1;1530820445,4010;1530820449,0724;3,6714;32768;75
S;4;24;16777216;1;1530820449,0935;1530820452,7340;3,6404;32768;75
S;4;24;16777216;1;1530820452,7554;1530820456,3916;3,6362;32768;75
S;4;24;16777216;1;1530820456,4115;1530820460,0474;3,6359;32768;75
S;4;24;16777216;1;1530820460,0675;1530820463,7027;3,6352;32768;75
S;4;24;16777216;1;1530820397,7161;1530820401,4286;3,7125;32768;75
S;4;24;16777216;1;1530820463,7228;1530820467,3822;3,6594;32768;75
S;4;24;16777216;1;1530820467,4026;1530820471,0565;3,6540;32768;75
S;4;24;16777216;1;1530820471,0767;1530820474,7171;3,6404;32768;75
S;4;24;16777216;1;1530820474,7373;1530820478,3604;3,6231;32768;75
S;4;24;16777216;1;1530820478,3839;1530820482,0517;3,6677;32768;75
S;4;24;16777216;1;1530820482,0757;1530820485,7237;3,6480;32768;75
S;4;24;16777216;1;1530820485,7438;1530820489,3904;3,6466;32768;75
S;4;24;16777216;1;1530820489,4107;1530820493,0382;3,6275;32768;75
S;4;24;16777216;1;1530820493,0586;1530820496,7158;3,6572;32768;75
S;4;24;16777216;1;1530820496,7358;1530820500,4170;3,6812;32768;75
S;4;24;16777216;1;1530820401,4491;1530820405,0925;3,6434;32768;75
S;4;24;16777216;1;1530820500,4379;1530820504,0796;3,6417;32768;75
S;4;24;16777216;1;1530820405,1139;1530820408,7542;3,6403;32768;75
S;4;24;16777216;1;1530820408,7742;1530820412,4365;3,6623;32768;75
S;4;24;16777216;1;1530820412,4589;1530820416,0912;3,6323;32768;75
S;4;24;16777216;1;1530820416,1132;1530820419,7713;3,6581;32768;75
S;4;24;16777216;1;1530820419,7914;1530820423,4227;3,6313;32768;75
S;4;24;16777216;1;1530820423,4429;1530820427,0969;3,6540;32768;75
S;4;24;16777216;1;1530818403,4933;1530818416,6074;13,1141;4;78
S;4;24;16777216;1;1530818521,6484;1530818534,7978;13,1494;4;78
S;4;24;16777216;1;1530818534,8182;1530818547,9665;13,1482;4;78
S;4;24;16777216;1;1530818547,9865;1530818561,0647;13,0782;4;78
S;4;24;16777216;1;1530818561,0845;1530818574,1628;13,0783;4;78
S;4;24;16777216;1;1530818574,1831;1530818587,3334;13,1503;4;78
S;4;24;16777216;1;1530818587,3535;1530818600,4584;13,1049;4;78
S;4;24;16777216;1;1530818600,4787;1530818613,5377;13,0591;4;78
S;4;24;16777216;1;1530818613,5576;1530818626,6740;13,1165;4;78
S;4;24;16777216;1;1530818626,6941;1530818639,7570;13,0630;4;77
S;4;24;16777216;1;1530818639,7771;1530818652,9279;13,1509;4;77
S;4;24;16777216;1;1530818416,6273;1530818429,7791;13,1518;4;78
S;4;24;16777216;1;1530818652,9487;1530818666,0226;13,0739;4;77
S;4;24;16777216;1;1530818666,0434;1530818679,1449;13,1015;4;77
S;4;24;16777216;1;1530818679,1649;1530818692,3006;13,1357;4;77
S;4;24;16777216;1;1530818692,3204;1530818705,4532;13,1327;4;77
S;4;24;16777216;1;1530818705,4733;1530818718,5684;13,0951;4;77
S;4;24;16777216;1;1530818718,5885;1530818731,6955;13,1070;4;77
S;4;24;16777216;1;1530818731,7156;1530818744,8171;13,1015;4;77
S;4;24;16777216;1;1530818744,8370;1530818757,9158;13,0788;4;77
S;4;24;16777216;1;1530818757,9368;1530818771,0523;13,1155;4;77
S;4;24;16777216;1;1530818771,0723;1530818784,1238;13,0515;4;77
S;4;24;16777216;1;1530818429,7989;1530818442,9356;13,1367;4;78
S;4;24;16777216;1;1530818784,1437;1530818797,2020;13,0583;4;77
S;4;24;16777216;1;1530818442,9561;1530818456,0458;13,0897;4;78
S;4;24;16777216;1;1530818456,0672;1530818469,1194;13,0522;4;78
S;4;24;16777216;1;1530818469,1405;1530818482,2179;13,0775;4;78
S;4;24;16777216;1;1530818482,2390;1530818495,4238;13,1848;4;78
S;4;24;16777216;1;1530818495,4440;1530818508,5381;13,0941;4;78
S;4;24;16777216;1;1530818508,5588;1530818521,6284;13,0696;4;78
S;4;24;16777216;1;1530820063,8015;1530820067,4317;3,6302;4096;75
S;4;24;16777216;1;1530820096,8939;1530820100,5272;3,6333;4096;75
S;4;24;16777216;1;1530820100,5470;1530820104,2167;3,6697;4096;75
S;4;24;16777216;1;1530820104,2370;1530820107,9128;3,6759;4096;75
S;4;24;16777216;1;1530820107,9338;1530820111,5670;3,6332;4096;75
S;4;24;16777216;1;1530820111,5871;1530820115,2278;3,6406;4096;75
S;4;24;16777216;1;1530820115,2481;1530820118,9227;3,6745;4096;75
S;4;24;16777216;1;1530820118,9430;1530820122,6121;3,6691;4096;75
S;4;24;16777216;1;1530820122,6322;1530820126,2728;3,6405;4096;75
S;4;24;16777216;1;1530820126,2934;1530820129,9633;3,6700;4096;75
S;4;24;16777216;1;1530820129,9838;1530820133,6248;3,6410;4096;75
S;4;24;16777216;1;1530820067,4515;1530820071,0950;3,6435;4096;75
S;4;24;16777216;1;1530820133,6452;1530820137,2985;3,6534;4096;75
S;4;24;16777216;1;1530820137,3189;1530820140,9626;3,6437;4096;75
S;4;24;16777216;1;1530820140,9830;1530820144,6218;3,6388;4096;75
S;4;24;16777216;1;1530820144,6422;1530820148,3148;3,6726;4096;75
S;4;24;16777216;1;1530820148,3349;1530820151,9802;3,6453;4096;75
S;4;24;16777216;1;1530820152,0006;1530820155,6474;3,6468;4096;75
S;4;24;16777216;1;1530820155,6679;1530820159,2865;3,6186;4096;75
S;4;24;16777216;1;1530820159,3088;1530820162,9605;3,6517;4096;75
S;4;24;16777216;1;1530820162,9809;1530820166,6091;3,6283;4096;75
S;4;24;16777216;1;1530820166,6300;1530820170,2840;3,6540;4096;75
S;4;24;16777216;1;1530820071,1150;1530820074,7968;3,6817;4096;75
S;4;24;16777216;1;1530820170,3046;1530820173,9680;3,6634;4096;75
S;4;24;16777216;1;1530820074,8167;1530820078,4639;3,6472;4096;75
S;4;24;16777216;1;1530820078,4836;1530820082,1748;3,6911;4096;75
S;4;24;16777216;1;1530820082,1976;1530820085,8499;3,6523;4096;75
S;4;24;16777216;1;1530820085,8703;1530820089,5427;3,6723;4096;75
S;4;24;16777216;1;1530820089,5629;1530820093,1976;3,6347;4096;75
S;4;24;16777216;1;1530820093,2178;1530820096,8737;3,6559;4096;75
S;4;24;16777216;1;1530821175,6037;1530821179,2888;3,6851;4194304;74
S;4;24;16777216;1;1530821209,3633;1530821213,1098;3,7465;4194304;73
S;4;24;16777216;1;1530821213,1302;1530821216,8390;3,7088;4194304;73
S;4;24;16777216;1;1530821216,8603;1530821220,5032;3,6429;4194304;73
S;4;24;16777216;1;1530821220,5244;1530821224,3234;3,7990;4194304;73
S;4;24;16777216;1;1530821224,3442;1530821228,0877;3,7435;4194304;73
S;4;24;16777216;1;1530821228,1083;1530821231,8716;3,7633;4194304;73
S;4;24;16777216;1;1530821231,8920;1530821235,6885;3,7965;4194304;73
S;4;24;16777216;1;1530821235,7090;1530821239,4320;3,7230;4194304;73
S;4;24;16777216;1;1530821239,4522;1530821243,2640;3,8118;4194304;73
S;4;24;16777216;1;1530821243,2844;1530821247,0842;3,7998;4194304;73
S;4;24;16777216;1;1530821179,3110;1530821183,0794;3,7684;4194304;74
S;4;24;16777216;1;1530821247,1044;1530821250,7831;3,6787;4194304;73
S;4;24;16777216;1;1530821250,8035;1530821254,5204;3,7169;4194304;73
S;4;24;16777216;1;1530821254,5403;1530821258,3105;3,7702;4194304;73
S;4;24;16777216;1;1530821258,3316;1530821262,1284;3,7969;4194304;73
S;4;24;16777216;1;1530821262,1495;1530821265,8721;3,7226;4194304;73
S;4;24;16777216;1;1530821265,8925;1530821269,6594;3,7669;4194304;73
S;4;24;16777216;1;1530821269,6799;1530821273,4548;3,7749;4194304;73
S;4;24;16777216;1;1530821273,4752;1530821277,2128;3,7377;4194304;73
S;4;24;16777216;1;1530821277,2334;1530821281,1242;3,8908;4194304;73
S;4;24;16777216;1;1530821281,1444;1530821284,9703;3,8259;4194304;73
S;4;24;16777216;1;1530821183,0999;1530821186,8228;3,7229;4194304;74
S;4;24;16777216;1;1530821284,9908;1530821288,7019;3,7110;4194304;73
S;4;24;16777216;1;1530821186,8434;1530821190,6275;3,7842;4194304;74
S;4;24;16777216;1;1530821190,6487;1530821194,3856;3,7369;4194304;74
S;4;24;16777216;1;1530821194,4058;1530821198,1878;3,7820;4194304;74
S;4;24;16777216;1;1530821198,2080;1530821201,8504;3,6425;4194304;74
S;4;24;16777216;1;1530821201,8709;1530821205,6157;3,7447;4194304;74
S;4;24;16777216;1;1530821205,6361;1530821209,3421;3,7060;4194304;73
S;4;24;16777216;1;1530819730,6859;1530819734,4019;3,7159;512;76
S;4;24;16777216;1;1530819764,3174;1530819768,0254;3,7080;512;75
S;4;24;16777216;1;1530819768,0456;1530819771,7645;3,7189;512;75
S;4;24;16777216;1;1530819771,7845;1530819775,4945;3,7100;512;75
S;4;24;16777216;1;1530819775,5147;1530819779,2099;3,6952;512;75
S;4;24;16777216;1;1530819779,2301;1530819782,9947;3,7646;512;75
S;4;24;16777216;1;1530819783,0149;1530819786,7214;3,7065;512;75
S;4;24;16777216;1;1530819786,7416;1530819790,4698;3,7283;512;75
S;4;24;16777216;1;1530819790,4908;1530819794,1878;3,6971;512;75
S;4;24;16777216;1;1530819794,2081;1530819797,9346;3,7265;512;75
S;4;24;16777216;1;1530819797,9549;1530819801,6567;3,7017;512;75
S;4;24;16777216;1;1530819734,4215;1530819738,1617;3,7402;512;75
S;4;24;16777216;1;1530819801,6768;1530819805,3906;3,7138;512;75
S;4;24;16777216;1;1530819805,4113;1530819809,1210;3,7097;512;75
S;4;24;16777216;1;1530819809,1411;1530819812,8556;3,7145;512;75
S;4;24;16777216;1;1530819812,8766;1530819816,6067;3,7301;512;75
S;4;24;16777216;1;1530819816,6273;1530819820,3398;3,7125;512;75
S;4;24;16777216;1;1530819820,3602;1530819824,0721;3,7119;512;75
S;4;24;16777216;1;1530819824,0924;1530819827,7873;3,6948;512;75
S;4;24;16777216;1;1530819827,8075;1530819831,5195;3,7120;512;75
S;4;24;16777216;1;1530819831,5453;1530819835,2358;3,6905;512;75
S;4;24;16777216;1;1530819835,2569;1530819838,9676;3,7107;512;75
S;4;24;16777216;1;1530819738,1823;1530819741,9182;3,7359;512;75
S;4;24;16777216;1;1530819838,9878;1530819842,7064;3,7186;512;75
S;4;24;16777216;1;1530819741,9388;1530819745,6431;3,7043;512;75
S;4;24;16777216;1;1530819745,6633;1530819749,3917;3,7284;512;75
S;4;24;16777216;1;1530819749,4115;1530819753,1061;3,6945;512;75
S;4;24;16777216;1;1530819753,1260;1530819756,8361;3,7101;512;75
S;4;24;16777216;1;1530819756,8560;1530819760,5734;3,7175;512;75
S;4;24;16777216;1;1530819760,5960;1530819764,2974;3,7014;512;75
S;4;24;16777216;1;1530820838,0412;1530820841,8051;3,7639;524288;74
S;4;24;16777216;1;1530820871,8985;1530820875,5799;3,6814;524288;74
S;4;24;16777216;1;1530820875,5998;1530820879,3822;3,7823;524288;74
S;4;24;16777216;1;1530820879,4021;1530820883,1023;3,7001;524288;74
S;4;24;16777216;1;1530820883,1224;1530820886,8247;3,7023;524288;74
S;4;24;16777216;1;1530820886,8451;1530820890,4929;3,6478;524288;74
S;4;24;16777216;1;1530820890,5130;1530820894,1930;3,6800;524288;74
S;4;24;16777216;1;1530820894,2144;1530820897,8759;3,6615;524288;74
S;4;24;16777216;1;1530820897,8960;1530820901,5978;3,7018;524288;74
S;4;24;16777216;1;1530820901,6180;1530820905,3137;3,6956;524288;74
S;4;24;16777216;1;1530820905,3337;1530820909,0433;3,7096;524288;74
S;4;24;16777216;1;1530820841,8263;1530820845,6172;3,7909;524288;74
S;4;24;16777216;1;1530820909,0634;1530820912,7540;3,6907;524288;74
S;4;24;16777216;1;1530820912,7745;1530820916,5917;3,8172;524288;74
S;4;24;16777216;1;1530820916,6118;1530820920,3791;3,7673;524288;74
S;4;24;16777216;1;1530820920,3997;1530820924,1833;3,7836;524288;74
S;4;24;16777216;1;1530820924,2047;1530820927,8904;3,6857;524288;74
S;4;24;16777216;1;1530820927,9112;1530820931,6370;3,7257;524288;74
S;4;24;16777216;1;1530820931,6573;1530820935,4072;3,7499;524288;74
S;4;24;16777216;1;1530820935,4286;1530820939,1049;3,6763;524288;74
S;4;24;16777216;1;1530820939,1283;1530820942,8367;3,7083;524288;74
S;4;24;16777216;1;1530820942,8569;1530820946,5322;3,6753;524288;74
S;4;24;16777216;1;1530820845,6378;1530820849,3005;3,6627;524288;74
S;4;24;16777216;1;1530820946,5539;1530820950,2618;3,7080;524288;74
S;4;24;16777216;1;1530820849,3208;1530820853,0442;3,7234;524288;74
S;4;24;16777216;1;1530820853,0661;1530820856,7519;3,6857;524288;74
S;4;24;16777216;1;1530820856,7723;1530820860,5825;3,8101;524288;74
S;4;24;16777216;1;1530820860,6024;1530820864,3455;3,7431;524288;74
S;4;24;16777216;1;1530820864,3667;1530820868,1869;3,8202;524288;74
S;4;24;16777216;1;1530820868,2086;1530820871,8784;3,6698;524288;74
S;4;24;16777216;1;1530819371,1379;1530819375,3531;4,2152;64;76
S;4;24;16777216;1;1530819409,2453;1530819413,4781;4,2328;64;76
S;4;24;16777216;1;1530819413,4986;1530819417,6973;4,1987;64;76
S;4;24;16777216;1;1530819417,7177;1530819421,9505;4,2328;64;76
S;4;24;16777216;1;1530819421,9781;1530819426,1991;4,2210;64;76
S;4;24;16777216;1;1530819426,2191;1530819430,4372;4,2181;64;76
S;4;24;16777216;1;1530819430,4580;1530819434,6580;4,2000;64;76
S;4;24;16777216;1;1530819434,6779;1530819438,8864;4,2084;64;76
S;4;24;16777216;1;1530819438,9066;1530819443,1147;4,2081;64;76
S;4;24;16777216;1;1530819443,1350;1530819447,3503;4,2153;64;76
S;4;24;16777216;1;1530819447,3711;1530819451,5815;4,2104;64;76
S;4;24;16777216;1;1530819375,3755;1530819379,6211;4,2456;64;76
S;4;24;16777216;1;1530819451,6023;1530819455,7968;4,1945;64;76
S;4;24;16777216;1;1530819455,8171;1530819460,0101;4,1930;64;76
S;4;24;16777216;1;1530819460,0366;1530819464,2423;4,2057;64;76
S;4;24;16777216;1;1530819464,2658;1530819468,4778;4,2120;64;76
S;4;24;16777216;1;1530819468,5002;1530819472,7162;4,2160;64;76
S;4;24;16777216;1;1530819472,7373;1530819476,9458;4,2085;64;76
S;4;24;16777216;1;1530819476,9672;1530819481,1983;4,2311;64;76
S;4;24;16777216;1;1530819481,2193;1530819485,4379;4,2187;64;76
S;4;24;16777216;1;1530819485,4583;1530819489,6709;4,2126;64;76
S;4;24;16777216;1;1530819489,6908;1530819493,9082;4,2173;64;76
S;4;24;16777216;1;1530819379,6415;1530819383,8487;4,2072;64;76
S;4;24;16777216;1;1530819493,9282;1530819498,1528;4,2246;64;76
S;4;24;16777216;1;1530819383,8690;1530819388,0847;4,2158;64;76
S;4;24;16777216;1;1530819388,1069;1530819392,3152;4,2083;64;76
S;4;24;16777216;1;1530819392,3366;1530819396,5219;4,1852;64;76
S;4;24;16777216;1;1530819396,5466;1530819400,7880;4,2414;64;76
S;4;24;16777216;1;1530819400,8087;1530819405,0147;4,2060;64;76
S;4;24;16777216;1;1530819405,0353;1530819409,2246;4,1893;64;76
S;4;24;16777216;1;1530820504,1014;1530820507,8123;3,7109;65536;75
S;4;24;16777216;1;1530820537,2489;1530820540,8746;3,6256;65536;74
S;4;24;16777216;1;1530820540,8947;1530820544,5409;3,6462;65536;74
S;4;24;16777216;1;1530820544,5618;1530820548,2162;3,6543;65536;74
S;4;24;16777216;1;1530820548,2362;1530820551,8790;3,6428;65536;74
S;4;24;16777216;1;1530820551,8992;1530820555,5474;3,6482;65536;74
S;4;24;16777216;1;1530820555,5677;1530820559,2331;3,6654;65536;74
S;4;24;16777216;1;1530820559,2534;1530820562,9156;3,6621;65536;74
S;4;24;16777216;1;1530820562,9361;1530820566,5924;3,6563;65536;74
S;4;24;16777216;1;1530820566,6126;1530820570,2355;3,6229;65536;74
S;4;24;16777216;1;1530820570,2557;1530820573,9095;3,6537;65536;74
S;4;24;16777216;1;1530820507,8334;1530820511,5080;3,6747;65536;75
S;4;24;16777216;1;1530820573,9303;1530820577,5719;3,6416;65536;74
S;4;24;16777216;1;1530820577,5922;1530820581,2280;3,6358;65536;74
S;4;24;16777216;1;1530820581,2483;1530820584,9005;3,6523;65536;74
S;4;24;16777216;1;1530820584,9213;1530820588,5635;3,6422;65536;74
S;4;24;16777216;1;1530820588,5838;1530820592,2472;3,6634;65536;74
S;4;24;16777216;1;1530820592,2679;1530820595,8883;3,6204;65536;74
S;4;24;16777216;1;1530820595,9081;1530820599,5746;3,6665;65536;74
S;4;24;16777216;1;1530820599,5948;1530820603,2345;3,6396;65536;74
S;4;24;16777216;1;1530820603,2546;1530820606,9206;3,6660;65536;74
S;4;24;16777216;1;1530820606,9406;1530820610,5842;3,6436;65536;74
S;4;24;16777216;1;1530820511,5285;1530820515,1936;3,6651;65536;75
S;4;24;16777216;1;1530820610,6042;1530820614,2565;3,6522;65536;74
S;4;24;16777216;1;1530820515,2136;1530820518,8481;3,6346;65536;75
S;4;24;16777216;1;1530820518,8683;1530820522,5638;3,6955;65536;75
S;4;24;16777216;1;1530820522,5840;1530820526,2159;3,6319;65536;75
S;4;24;16777216;1;1530820526,2361;1530820529,9033;3,6672;65536;74
S;4;24;16777216;1;1530820529,9234;1530820533,5614;3,6380;65536;74
S;4;24;16777216;1;1530820533,5820;1530820537,2287;3,6466;65536;74
S;4;24;16777216;1;1530818797,2223;1530818805,5445;8,3222;8;77
S;4;24;16777216;1;1530818872,1283;1530818880,4777;8,3494;8;77
S;4;24;16777216;1;1530818880,5025;1530818888,8777;8,3752;8;77
S;4;24;16777216;1;1530818888,8978;1530818897,1983;8,3005;8;77
S;4;24;16777216;1;1530818897,2191;1530818905,5514;8,3323;8;77
S;4;24;16777216;1;1530818905,5753;1530818913,8679;8,2926;8;77
S;4;24;16777216;1;1530818913,8880;1530818922,2170;8,3290;8;77
S;4;24;16777216;1;1530818922,2385;1530818930,5182;8,2797;8;77
S;4;24;16777216;1;1530818930,5383;1530818938,8564;8,3182;8;77
S;4;24;16777216;1;1530818938,8780;1530818947,2077;8,3297;8;77
S;4;24;16777216;1;1530818947,2280;1530818955,5898;8,3618;8;77
S;4;24;16777216;1;1530818805,5645;1530818813,8723;8,3078;8;77
S;4;24;16777216;1;1530818955,6106;1530818963,9320;8,3214;8;77
S;4;24;16777216;1;1530818963,9523;1530818972,2645;8,3122;8;77
S;4;24;16777216;1;1530818972,2847;1530818980,6598;8,3751;8;77
S;4;24;16777216;1;1530818980,6800;1530818989,0103;8,3303;8;77
S;4;24;16777216;1;1530818989,0309;1530818997,3319;8,3010;8;77
S;4;24;16777216;1;1530818997,3530;1530819005,7088;8,3558;8;77
S;4;24;16777216;1;1530819005,7292;1530819014,0343;8,3051;8;77
S;4;24;16777216;1;1530819014,0540;1530819022,3379;8,2838;8;77
S;4;24;16777216;1;1530819022,3582;1530819030,6900;8,3318;8;77
S;4;24;16777216;1;1530819030,7113;1530819039,0063;8,2950;8;77
S;4;24;16777216;1;1530818813,8927;1530818822,1903;8,2976;8;77
S;4;24;16777216;1;1530819039,0266;1530819047,3369;8,3103;8;77
S;4;24;16777216;1;1530818822,2103;1530818830,5071;8,2968;8;77
S;4;24;16777216;1;1530818830,5271;1530818838,8179;8,2908;8;77
S;4;24;16777216;1;1530818838,8375;1530818847,1485;8,3110;8;77
S;4;24;16777216;1;1530818847,1691;1530818855,4761;8,3070;8;77
S;4;24;16777216;1;1530818855,4967;1530818863,7911;8,2943;8;77
S;4;24;16777216;1;1530818863,8113;1530818872,1029;8,2916;8;77
S;4;24;16777216;1;1530820173,9887;1530820177,6594;3,6706;8192;75
S;4;24;16777216;1;1530820207,0785;1530820210,7205;3,6419;8192;75
S;4;24;16777216;1;1530820210,7408;1530820214,3748;3,6340;8192;75
S;4;24;16777216;1;1530820214,3951;1530820218,0392;3,6441;8192;75
S;4;24;16777216;1;1530820218,0590;1530820221,6955;3,6365;8192;75
S;4;24;16777216;1;1530820221,7158;1530820225,3509;3,6351;8192;75
S;4;24;16777216;1;1530820225,3711;1530820229,0148;3,6437;8192;75
S;4;24;16777216;1;1530820229,0348;1530820232,6746;3,6398;8192;75
S;4;24;16777216;1;1530820232,6956;1530820236,3294;3,6337;8192;75
S;4;24;16777216;1;1530820236,3500;1530820239,9940;3,6440;8192;75
S;4;24;16777216;1;1530820240,0142;1530820243,6558;3,6416;8192;75
S;4;24;16777216;1;1530820177,6796;1530820181,3141;3,6345;8192;75
S;4;24;16777216;1;1530820243,6763;1530820247,3373;3,6609;8192;75
S;4;24;16777216;1;1530820247,3577;1530820250,9950;3,6373;8192;75
S;4;24;16777216;1;1530820251,0154;1530820254,6692;3,6539;8192;75
S;4;24;16777216;1;1530820254,6896;1530820258,3597;3,6702;8192;75
S;4;24;16777216;1;1530820258,3803;1530820262,0248;3,6445;8192;75
S;4;24;16777216;1;1530820262,0459;1530820265,7137;3,6678;8192;75
S;4;24;16777216;1;1530820265,7344;1530820269,3556;3,6212;8192;75
S;4;24;16777216;1;1530820269,3767;1530820272,9954;3,6187;8192;75
S;4;24;16777216;1;1530820273,0187;1530820276,7056;3,6869;8192;75
S;4;24;16777216;1;1530820276,7267;1530820280,3912;3,6645;8192;75
S;4;24;16777216;1;1530820181,3346;1530820184,9814;3,6468;8192;75
S;4;24;16777216;1;1530820280,4178;1530820284,0986;3,6808;8192;75
S;4;24;16777216;1;1530820185,0019;1530820188,6585;3,6566;8192;75
S;4;24;16777216;1;1530820188,6803;1530820192,3192;3,6389;8192;75
S;4;24;16777216;1;1530820192,3395;1530820196,0092;3,6696;8192;75
S;4;24;16777216;1;1530820196,0300;1530820199,6824;3,6524;8192;75
S;4;24;16777216;1;1530820199,7050;1530820203,3840;3,6790;8192;75
S;4;24;16777216;1;1530820203,4058;1530820207,0578;3,6521;8192;75
S;4;24;16777216;1;1530821288,7240;1530821295,9045;7,1805;8388608;73
S;4;24;16777216;1;1530821355,7656;1530821363,0311;7,2656;8388608;73
S;4;24;16777216;1;1530821363,0523;1530821370,4150;7,3627;8388608;74
S;4;24;16777216;1;1530821370,4355;1530821377,9083;7,4727;8388608;74
S;4;24;16777216;1;1530821377,9306;1530821385,4678;7,5372;8388608;74
S;4;24;16777216;1;1530821385,4897;1530821392,7787;7,2890;8388608;74
S;4;24;16777216;1;1530821392,8057;1530821400,3655;7,5599;8388608;74
S;4;24;16777216;1;1530821400,3866;1530821407,6839;7,2973;8388608;74
S;4;24;16777216;1;1530821407,7047;1530821414,9962;7,2915;8388608;74
S;4;24;16777216;1;1530821415,0167;1530821422,5386;7,5219;8388608;74
S;4;24;16777216;1;1530821422,5591;1530821430,1229;7,5638;8388608;74
S;4;24;16777216;1;1530821295,9255;1530821303,2722;7,3467;8388608;73
S;4;24;16777216;1;1530821430,1452;1530821434,7148;4,5696;8388608;74
S;4;24;16777216;1;1530821434,7259;1530821438,1097;3,3838;8388608;74
S;4;24;16777216;1;1530821438,1222;1530821441,9797;3,8575;8388608;74
S;4;24;16777216;1;1530821441,9907;1530821445,6677;3,6770;8388608;74
S;4;24;16777216;1;1530821445,6783;1530821449,6059;3,9276;8388608;74
S;4;24;16777216;1;1530821449,6192;1530821453,7804;4,1612;8388608;74
S;4;24;16777216;1;1530821453,7949;1530821457,9727;4,1778;8388608;74
S;4;24;16777216;1;1530821457,9894;1530821462,8191;4,8298;8388608;74
S;4;24;16777216;1;1530821462,8315;1530821467,6440;4,8125;8388608;74
S;4;24;16777216;1;1530821467,6616;1530821471,7941;4,1326;8388608;74
S;4;24;16777216;1;1530821303,2926;1530821310,6933;7,4007;8388608;73
S;4;24;16777216;1;1530821471,8071;1530821476,4752;4,6680;8388608;74
S;4;24;16777216;1;1530821310,7137;1530821318,3120;7,5982;8388608;73
S;4;24;16777216;1;1530821318,3326;1530821325,9319;7,5992;8388608;73
S;4;24;16777216;1;1530821325,9524;1530821333,3445;7,3920;8388608;73
S;4;24;16777216;1;1530821333,3693;1530821340,7676;7,3984;8388608;73
S;4;24;16777216;1;1530821340,7924;1530821348,1348;7,3424;8388608;73
S;4;24;16777216;1;1530821348,1554;1530821355,7439;7,5885;8388608;73
